batch,candidate_sha,cpu_parameter_mib,cpu_table_bytes,cpu_table_bytes_max,cpu_table_bytes_min,estimator,gpu_allocated_bytes,gpu_allocated_bytes_max,gpu_allocated_bytes_min,gpu_parameter_mib,gpu_peak_allocated_bytes,gpu_peak_allocated_bytes_max,gpu_peak_allocated_bytes_min,gpu_peak_reserved_bytes,gpu_peak_reserved_bytes_max,gpu_peak_reserved_bytes_min,gpu_reserved_bytes,gpu_reserved_bytes_max,gpu_reserved_bytes_min,host_process_high_water_bytes,host_process_high_water_bytes_max,host_process_high_water_bytes_min,host_rss_bytes,host_rss_bytes_max,host_rss_bytes_min,implementation,independent_processes,kv_cache_storage_bytes,kv_cache_storage_bytes_max,kv_cache_storage_bytes_min,latency_high_ms,latency_low_ms,latency_ms,length,measurement_plan_id,mode,offload_gpu_buffer_bytes,offload_gpu_buffer_bytes_max,offload_gpu_buffer_bytes_min,offload_pinned_bytes,offload_pinned_bytes_max,offload_pinned_bytes_min,original_stages,process_mean_ms,protocol_version,raw_sample_count,raw_table_snapshot_bytes,raw_table_snapshot_bytes_max,raw_table_snapshot_bytes_min,source_results,status,throughput_high,throughput_low,tokens_per_second,uncertainty_kind,variant
1,62942a0387608fe21baaeb2dce9ef3b0947dde4d,3000.0,3145728000,3145728000,3145728000,mean of process means; each process mean averages all raw samples,3148360192,3148360192,3148360192,2410.1943359375,3259445248,3259445248,3259445248,6192889856,6192889856,6192889856,6192889856,6192889856,6192889856,12891865088,12892758016,12891013120,11710451712,11710492672,11710377984,baseline,3,402653184,402653184,402653184,43.95998968356783,43.18540489997531,43.57269729177157,2048,formal_v1_w10_n10_r3,prefill,201424896,201424896,201424896,201424896,201424896,201424896,"[""confirmation"", ""confirmation"", ""confirmation""]","[43.39739331044257, 43.695819253722824, 43.62487931114932]",offload_gap_v1,90,3145728000,3145728000,3145728000,"[""/home/molly/workspace-memory-attn/memory-attention/profile/results/optimization/offload-gap-001/A0001/R03-confirmation-v2/B1-J001-baseline-prefill-ma_offload-b1-l2048.json"", ""/home/molly/workspace-memory-attn/memory-attention/profile/results/optimization/offload-gap-001/A0001/R03-confirmation-v2/B2-J032-baseline-prefill-ma_offload-b1-l2048.json"", ""/home/molly/workspace-memory-attn/memory-attention/profile/results/optimization/offload-gap-001/A0001/R03-confirmation-v2/B3-J033-baseline-prefill-ma_offload-b1-l2048.json""]",reused,47423.429391099,46587.81803048373,47001.91007883168,95% Student-t interval over 3 independent process means (df=2),ma_offload
1,942a2a52d94cf6dbe6e753f7ac291daf8b0699fb,3000.0,3145728000,3145728000,3145728000,mean of process means; each process mean averages all raw samples,2980588032,2980588032,2980588032,2410.1943359375,3091673088,3091673088,3091673088,5991563264,5991563264,5991563264,5991563264,5991563264,5991563264,12891826858.666666,12892983296,12891160576,11476320256,11476480000,11476197376,candidate,3,402653184,402653184,402653184,29.889553851068076,29.65839215085236,29.77397300096022,2048,formal_v1_w10_n10_r3,prefill,33652736,33652736,33652736,33652736,33652736,33652736,"[""confirmation"", ""confirmation"", ""confirmation""]","[29.721459637706477, 29.810056850935023, 29.79040251423915]",offload_gap_v1,90,3145728000,3145728000,3145728000,"[""/home/molly/workspace-memory-attn/memory-attention/profile/results/optimization/offload-gap-001/A0001/R03-confirmation-v2/B1-J002-candidate-prefill-ma_offload-b1-l2048.json"", ""/home/molly/workspace-memory-attn/memory-attention/profile/results/optimization/offload-gap-001/A0001/R03-confirmation-v2/B2-J031-candidate-prefill-ma_offload-b1-l2048.json"", ""/home/molly/workspace-memory-attn/memory-attention/profile/results/optimization/offload-gap-001/A0001/R03-confirmation-v2/B3-J034-candidate-prefill-ma_offload-b1-l2048.json""]",reused,69052.96786094124,68518.92170102822,68784.90821275183,95% Student-t interval over 3 independent process means (df=2),ma_offload
1,942a2a52d94cf6dbe6e753f7ac291daf8b0699fb,0,0,0,0,mean of process means; each process mean averages all raw samples,6117829120,6117829120,6117829120,5410.1943359375,6228914176,6228914176,6228914176,6568280064,6568280064,6568280064,6568280064,6568280064,6568280064,12890898432,12891537408,12889939968,5146221226.666667,5146615808,5145985024,candidate,3,402653184,402653184,402653184,29.2084834214381,28.926937397271562,29.06771040935483,2048,formal_v1_w10_n10_r3,prefill,0,0,0,0,0,0,"[""confirmation"", ""confirmation"", ""confirmation""]","[29.00552093051374, 29.11643184100588, 29.081178456544876]",offload_gap_v1,90,3145728000,3145728000,3145728000,"[""/home/molly/workspace-memory-attn/memory-attention/profile/results/optimization/offload-gap-001/A0001/R03-confirmation-v2/B1-J003-candidate-prefill-ma_gpu-b1-l2048.json"", ""/home/molly/workspace-memory-attn/memory-attention/profile/results/optimization/offload-gap-001/A0001/R03-confirmation-v2/B2-J030-candidate-prefill-ma_gpu-b1-l2048.json"", ""/home/molly/workspace-memory-attn/memory-attention/profile/results/optimization/offload-gap-001/A0001/R03-confirmation-v2/B3-J035-candidate-prefill-ma_gpu-b1-l2048.json""]",reused,70799.06081565244,70116.61545209955,70456.18561484273,95% Student-t interval over 3 independent process means (df=2),ma_gpu
1,62942a0387608fe21baaeb2dce9ef3b0947dde4d,0,0,0,0,mean of process means; each process mean averages all raw samples,6117829120,6117829120,6117829120,5410.1943359375,6228914176,6228914176,6228914176,6568280064,6568280064,6568280064,6568280064,6568280064,6568280064,12892452181.333334,12893532160,12890562560,5146198016,5146411008,5145882624,baseline,3,402653184,402653184,402653184,29.207863399462678,28.957291465341935,29.082577432402307,2048,formal_v1_w10_n10_r3,prefill,0,0,0,0,0,0,"[""confirmation"", ""confirmation"", ""confirmation""]","[29.02693034460147, 29.12527305694918, 29.09552889565627]",offload_gap_v1,90,3145728000,3145728000,3145728000,"[""/home/molly/workspace-memory-attn/memory-attention/profile/results/optimization/offload-gap-001/A0001/R03-confirmation-v2/B1-J004-baseline-prefill-ma_gpu-b1-l2048.json"", ""/home/molly/workspace-memory-attn/memory-attention/profile/results/optimization/offload-gap-001/A0001/R03-confirmation-v2/B2-J029-baseline-prefill-ma_gpu-b1-l2048.json"", ""/home/molly/workspace-memory-attn/memory-attention/profile/results/optimization/offload-gap-001/A0001/R03-confirmation-v2/B3-J036-baseline-prefill-ma_gpu-b1-l2048.json""]",reused,70724.84670920229,70118.10388149363,70420.16838982861,95% Student-t interval over 3 independent process means (df=2),ma_gpu
1,62942a0387608fe21baaeb2dce9ef3b0947dde4d,0,0,0,0,mean of process means; each process mean averages all raw samples,6117829120,6117829120,6117829120,5410.1943359375,6228914176,6228914176,6228914176,6566182912,6566182912,6566182912,6566182912,6566182912,6566182912,12891869184,12891869184,12891869184,5146017792,5146017792,5146017792,baseline,1,402653184,402653184,402653184,29.291071370244026,29.143305588513613,29.24076587272187,2048,formal_v1_w10_n10_r3,prefill,0,0,0,0,0,0,"[""full_validation""]",[29.24076587272187],offload_gap_v1,30,3145728000,3145728000,3145728000,"[""/home/molly/workspace-memory-attn/memory-attention/profile/results/optimization/offload-gap-001/A0001/R04-full-validation/B1-J005-baseline-prefill-ma_gpu_unfolded-b1-l2048.json""]",completed,70273.42844756732,69918.91741046064,70039.2051601678,descriptive round-mean range within one process; NOT a confidence interval,ma_gpu_unfolded
1,942a2a52d94cf6dbe6e753f7ac291daf8b0699fb,0,0,0,0,mean of process means; each process mean averages all raw samples,6117829120,6117829120,6117829120,5410.1943359375,6228914176,6228914176,6228914176,6566182912,6566182912,6566182912,6566182912,6566182912,6566182912,12891258880,12891258880,12891258880,5146050560,5146050560,5146050560,candidate,1,402653184,402653184,402653184,29.251411464065313,29.08353046514094,29.165399819612503,2048,formal_v1_w10_n10_r3,prefill,0,0,0,0,0,0,"[""full_validation""]",[29.165399819612503],offload_gap_v1,30,3145728000,3145728000,3145728000,"[""/home/molly/workspace-memory-attn/memory-attention/profile/results/optimization/offload-gap-001/A0001/R04-full-validation/B1-J006-candidate-prefill-ma_gpu_unfolded-b1-l2048.json""]",completed,70417.86080457806,70013.71549253003,70220.19285409577,descriptive round-mean range within one process; NOT a confidence interval,ma_gpu_unfolded
1,942a2a52d94cf6dbe6e753f7ac291daf8b0699fb,0,0,0,0,mean of process means; each process mean averages all raw samples,6118034432,6118034432,6118034432,5410.1943359375,6134784512,6134784512,6134784512,6543114240,6543114240,6543114240,6543114240,6543114240,6543114240,12890812416,12890812416,12890812416,5321293824,5321293824,5321293824,candidate,1,402849792,402849792,402849792,5.552315758541226,5.515477247536182,5.533967710410555,2048,formal_v1_w10_n10_r3,decode,0,0,0,0,0,0,"[""full_validation""]",[5.533967710410555],offload_gap_v1,30,3145728000,3145728000,3145728000,"[""/home/molly/workspace-memory-attn/memory-attention/profile/results/optimization/offload-gap-001/A0001/R04-full-validation/B1-J007-candidate-decode-ma_gpu_unfolded-b1-l2048.json""]",completed,181.30797302204624,180.10503067331538,180.7021747016684,descriptive round-mean range within one process; NOT a confidence interval,ma_gpu_unfolded
1,62942a0387608fe21baaeb2dce9ef3b0947dde4d,0,0,0,0,mean of process means; each process mean averages all raw samples,6118034432,6118034432,6118034432,5410.1943359375,6134784512,6134784512,6134784512,6543114240,6543114240,6543114240,6543114240,6543114240,6543114240,12891107328,12891107328,12891107328,5321031680,5321031680,5321031680,baseline,1,402849792,402849792,402849792,5.505758989602327,5.4222227074205875,5.460543200994532,2048,formal_v1_w10_n10_r3,decode,0,0,0,0,0,0,"[""full_validation""]",[5.460543200994532],offload_gap_v1,30,3145728000,3145728000,3145728000,"[""/home/molly/workspace-memory-attn/memory-attention/profile/results/optimization/offload-gap-001/A0001/R04-full-validation/B1-J008-baseline-decode-ma_gpu_unfolded-b1-l2048.json""]",completed,184.42621300512963,181.62800113272456,183.1319638342701,descriptive round-mean range within one process; NOT a confidence interval,ma_gpu_unfolded
1,62942a0387608fe21baaeb2dce9ef3b0947dde4d,0,0,0,0,mean of process means; each process mean averages all raw samples,6118034432,6118034432,6118034432,5410.1943359375,6134784512,6134784512,6134784512,6650068992,6650068992,6650068992,6650068992,6650068992,6650068992,12892129962.666666,12894072832,12890652672,5321540949.333333,5321728000,5321248768,baseline,3,402849792,402849792,402849792,4.7894969481163905,4.458792942057018,4.624144945086704,2048,formal_v1_w10_n10_r3,decode,0,0,0,0,0,0,"[""confirmation"", ""confirmation"", ""confirmation""]","[4.591602040454745, 4.580114067842563, 4.700718726962805]",offload_gap_v1,90,3145728000,3145728000,3145728000,"[""/home/molly/workspace-memory-attn/memory-attention/profile/results/optimization/offload-gap-001/A0001/R03-confirmation-v2/B1-J005-baseline-decode-ma_gpu-b1-l2048.json"", ""/home/molly/workspace-memory-attn/memory-attention/profile/results/optimization/offload-gap-001/A0001/R03-confirmation-v2/B2-J028-baseline-decode-ma_gpu-b1-l2048.json"", ""/home/molly/workspace-memory-attn/memory-attention/profile/results/optimization/offload-gap-001/A0001/R03-confirmation-v2/B3-J037-baseline-decode-ma_gpu-b1-l2048.json""]",reused,224.27594485665,208.79019463479963,216.25619695648396,95% Student-t interval over 3 independent process means (df=2),ma_gpu
1,942a2a52d94cf6dbe6e753f7ac291daf8b0699fb,0,0,0,0,mean of process means; each process mean averages all raw samples,6118034432,6118034432,6118034432,5410.1943359375,6134784512,6134784512,6134784512,6650068992,6650068992,6650068992,6650068992,6650068992,6650068992,12891789994.666666,12893384704,12890861568,5321427626.666667,5321592832,5321244672,candidate,3,402849792,402849792,402849792,4.758086011777239,4.502224945224077,4.630155478500658,2048,formal_v1_w10_n10_r3,decode,0,0,0,0,0,0,"[""confirmation"", ""confirmation"", ""confirmation""]","[4.68624085187912, 4.584996510917942, 4.619229072704911]",offload_gap_v1,90,3145728000,3145728000,3145728000,"[""/home/molly/workspace-memory-attn/memory-attention/profile/results/optimization/offload-gap-001/A0001/R03-confirmation-v2/B1-J006-candidate-decode-ma_gpu-b1-l2048.json"", ""/home/molly/workspace-memory-attn/memory-attention/profile/results/optimization/offload-gap-001/A0001/R03-confirmation-v2/B2-J027-candidate-decode-ma_gpu-b1-l2048.json"", ""/home/molly/workspace-memory-attn/memory-attention/profile/results/optimization/offload-gap-001/A0001/R03-confirmation-v2/B3-J038-candidate-decode-ma_gpu-b1-l2048.json""]",reused,222.11240268232083,210.1685420408111,215.97546878141145,95% Student-t interval over 3 independent process means (df=2),ma_gpu
1,942a2a52d94cf6dbe6e753f7ac291daf8b0699fb,3000.0,3145728000,3145728000,3145728000,mean of process means; each process mean averages all raw samples,2980793344,2980793344,2980793344,2410.1943359375,2997539328,2997539328,2997539328,5991563264,5991563264,5991563264,5991563264,5991563264,5991563264,12893248170.666666,12894838784,12891197440,11652220245.333334,11653853184,11651227648,candidate,3,402849792,402849792,402849792,5.2559122832192315,4.325751911030213,4.7908320971247225,2048,formal_v1_w10_n10_r3,decode,33652736,33652736,33652736,33652736,33652736,33652736,"[""confirmation"", ""confirmation"", ""confirmation""]","[4.7207339977224665, 4.6487766318023205, 5.0029856618493795]",offload_gap_v1,90,3145728000,3145728000,3145728000,"[""/home/molly/workspace-memory-attn/memory-attention/profile/results/optimization/offload-gap-001/A0001/R03-confirmation-v2/B1-J007-candidate-decode-ma_offload-b1-l2048.json"", ""/home/molly/workspace-memory-attn/memory-attention/profile/results/optimization/offload-gap-001/A0001/R03-confirmation-v2/B2-J026-candidate-decode-ma_offload-b1-l2048.json"", ""/home/molly/workspace-memory-attn/memory-attention/profile/results/optimization/offload-gap-001/A0001/R03-confirmation-v2/B3-J039-candidate-decode-ma_offload-b1-l2048.json""]",reused,231.17368276486337,190.26192716205355,208.732007243619,95% Student-t interval over 3 independent process means (df=2),ma_offload
1,62942a0387608fe21baaeb2dce9ef3b0947dde4d,3000.0,3145728000,3145728000,3145728000,mean of process means; each process mean averages all raw samples,3148565504,3148565504,3148565504,2410.1943359375,3165311488,3165311488,3165311488,6192889856,6192889856,6192889856,6192889856,6192889856,6192889856,12891981141.333334,12893691904,12891086848,11885630805.333334,11885756416,11885477888,baseline,3,402849792,402849792,402849792,4.634971776756594,4.591381451749521,4.6131766142530575,2048,formal_v1_w10_n10_r3,decode,201424896,201424896,201424896,201424896,201424896,201424896,"[""confirmation"", ""confirmation"", ""confirmation""]","[4.6040742347637815, 4.613875737413764, 4.621579870581627]",offload_gap_v1,90,3145728000,3145728000,3145728000,"[""/home/molly/workspace-memory-attn/memory-attention/profile/results/optimization/offload-gap-001/A0001/R03-confirmation-v2/B1-J008-baseline-decode-ma_offload-b1-l2048.json"", ""/home/molly/workspace-memory-attn/memory-attention/profile/results/optimization/offload-gap-001/A0001/R03-confirmation-v2/B2-J025-baseline-decode-ma_offload-b1-l2048.json"", ""/home/molly/workspace-memory-attn/memory-attention/profile/results/optimization/offload-gap-001/A0001/R03-confirmation-v2/B3-J040-baseline-decode-ma_offload-b1-l2048.json""]",reused,217.79937269619703,215.75104405485035,216.77036966466002,95% Student-t interval over 3 independent process means (df=2),ma_offload
4,62942a0387608fe21baaeb2dce9ef3b0947dde4d,3000.0,3145728000,3145728000,3145728000,mean of process means; each process mean averages all raw samples,4289746944,4289746944,4289746944,2410.1943359375,4734087168,4734087168,4734087168,5993660416,5993660416,5993660416,5993660416,5993660416,5993660416,12893237248,12893425664,12893048832,11575569066.666666,11577110528,11574624256,baseline,3,1610612736,1610612736,1610612736,110.04482053782561,108.8749297962485,109.45987516703705,2048,formal_v1_w10_n10_r3,prefill,134610944,134610944,134610944,134610944,134610944,134610944,"[""full_validation"", ""full_validation"", ""full_validation""]","[109.72764173833032, 109.36689364413421, 109.28509011864662]",offload_gap_v1,90,3145728000,3145728000,3145728000,"[""/home/molly/workspace-memory-attn/memory-attention/profile/results/optimization/offload-gap-001/A0001/R04-full-validation/B1-J013-baseline-prefill-ma_offload-b4-l2048.json"", ""/home/molly/workspace-memory-attn/memory-attention/profile/results/optimization/offload-gap-001/A0001/R08-prefill-regression/B2-J024-baseline-prefill-ma_offload-b4-l2048.json"", ""/home/molly/workspace-memory-attn/memory-attention/profile/results/optimization/offload-gap-001/A0001/R08-prefill-regression/B3-J025-baseline-prefill-ma_offload-b4-l2048.json""]",reused,75242.29880405647,74442.3950165303,74840.20959734252,95% Student-t interval over 3 independent process means (df=2),ma_offload
4,942a2a52d94cf6dbe6e753f7ac291daf8b0699fb,3000.0,3145728000,3145728000,3145728000,mean of process means; each process mean averages all raw samples,4289746944,4289746944,4289746944,2410.1943359375,4734087168,4734087168,4734087168,5993660416,5993660416,5993660416,5993660416,5993660416,5993660416,12892547754.666666,12893663232,12891140096,11575003818.666666,11575091200,11574902784,candidate,3,1610612736,1610612736,1610612736,113.03607061224443,106.46113275934661,109.74860168579552,2048,formal_v1_w10_n10_r3,prefill,134610944,134610944,134610944,134610944,134610944,134610944,"[""full_validation"", ""full_validation"", ""full_validation""]","[111.02511240169406, 109.83783267438412, 108.38285998130839]",offload_gap_v1,90,3145728000,3145728000,3145728000,"[""/home/molly/workspace-memory-attn/memory-attention/profile/results/optimization/offload-gap-001/A0001/R04-full-validation/B1-J014-candidate-prefill-ma_offload-b4-l2048.json"", ""/home/molly/workspace-memory-attn/memory-attention/profile/results/optimization/offload-gap-001/A0001/R08-prefill-regression/B2-J023-candidate-prefill-ma_offload-b4-l2048.json"", ""/home/molly/workspace-memory-attn/memory-attention/profile/results/optimization/offload-gap-001/A0001/R08-prefill-regression/B3-J026-candidate-prefill-ma_offload-b4-l2048.json""]",reused,76948.27011204044,72472.44136875204,74643.32004386958,95% Student-t interval over 3 independent process means (df=2),ma_offload
4,942a2a52d94cf6dbe6e753f7ac291daf8b0699fb,0,0,0,0,mean of process means; each process mean averages all raw samples,7326029824,7326029824,7326029824,5410.1943359375,7770370048,7770370048,7770370048,8650752000,8650752000,8650752000,8650752000,8650752000,8650752000,12892636501.333334,12893429760,12891258880,5144088576,5144236032,5143891968,candidate,3,1610612736,1610612736,1610612736,106.95907920094884,105.09721652798298,106.02814786446591,2048,formal_v1_w10_n10_r3,prefill,0,0,0,0,0,0,"[""full_validation"", ""full_validation"", ""full_validation""]","[106.38825710241993, 105.64029819021623, 106.05588830076158]",offload_gap_v1,90,3145728000,3145728000,3145728000,"[""/home/molly/workspace-memory-attn/memory-attention/profile/results/optimization/offload-gap-001/A0001/R04-full-validation/B1-J015-candidate-prefill-ma_gpu-b4-l2048.json"", ""/home/molly/workspace-memory-attn/memory-attention/profile/results/optimization/offload-gap-001/A0001/R08-prefill-regression/B2-J022-candidate-prefill-ma_gpu-b4-l2048.json"", ""/home/molly/workspace-memory-attn/memory-attention/profile/results/optimization/offload-gap-001/A0001/R08-prefill-regression/B3-J027-candidate-prefill-ma_gpu-b4-l2048.json""]",reused,77946.8788102377,76590.03855679536,77262.50212794157,95% Student-t interval over 3 independent process means (df=2),ma_gpu
4,62942a0387608fe21baaeb2dce9ef3b0947dde4d,0,0,0,0,mean of process means; each process mean averages all raw samples,7326029824,7326029824,7326029824,5410.1943359375,7770370048,7770370048,7770370048,8650752000,8650752000,8650752000,8650752000,8650752000,8650752000,12892748458.666666,12893552640,12891713536,5144292010.666667,5144502272,5144072192,baseline,3,1610612736,1610612736,1610612736,107.10341978483667,104.73156541920433,105.9174926020205,2048,formal_v1_w10_n10_r3,prefill,0,0,0,0,0,0,"[""full_validation"", ""full_validation"", ""full_validation""]","[106.46869256161153, 105.63521043707927, 105.64857480737071]",offload_gap_v1,90,3145728000,3145728000,3145728000,"[""/home/molly/workspace-memory-attn/memory-attention/profile/results/optimization/offload-gap-001/A0001/R04-full-validation/B1-J016-baseline-prefill-ma_gpu-b4-l2048.json"", ""/home/molly/workspace-memory-attn/memory-attention/profile/results/optimization/offload-gap-001/A0001/R08-prefill-regression/B2-J021-baseline-prefill-ma_gpu-b4-l2048.json"", ""/home/molly/workspace-memory-attn/memory-attention/profile/results/optimization/offload-gap-001/A0001/R08-prefill-regression/B3-J028-baseline-prefill-ma_gpu-b4-l2048.json""]",reused,78219.01608373989,76486.82008900518,77343.2206404377,95% Student-t interval over 3 independent process means (df=2),ma_gpu
4,62942a0387608fe21baaeb2dce9ef3b0947dde4d,0,0,0,0,mean of process means; each process mean averages all raw samples,7326029824,7326029824,7326029824,5410.1943359375,7770370048,7770370048,7770370048,8650752000,8650752000,8650752000,8650752000,8650752000,8650752000,12891394048,12891394048,12891394048,5143687168,5143687168,5143687168,baseline,1,1610612736,1610612736,1610612736,106.24400926753879,105.72888003662229,106.03196118026972,2048,formal_v1_w10_n10_r3,prefill,0,0,0,0,0,0,"[""full_validation""]",[106.03196118026972],offload_gap_v1,30,3145728000,3145728000,3145728000,"[""/home/molly/workspace-memory-attn/memory-attention/profile/results/optimization/offload-gap-001/A0001/R04-full-validation/B1-J017-baseline-prefill-ma_gpu_unfolded-b4-l2048.json""]",completed,77481.19527193006,77105.5239394372,77259.7234721747,descriptive round-mean range within one process; NOT a confidence interval,ma_gpu_unfolded
4,942a2a52d94cf6dbe6e753f7ac291daf8b0699fb,0,0,0,0,mean of process means; each process mean averages all raw samples,7326029824,7326029824,7326029824,5410.1943359375,7770370048,7770370048,7770370048,8650752000,8650752000,8650752000,8650752000,8650752000,8650752000,12891090944,12891090944,12891090944,5143879680,5143879680,5143879680,candidate,1,1610612736,1610612736,1610612736,106.01617093198001,105.73019008152187,105.8538175188005,2048,formal_v1_w10_n10_r3,prefill,0,0,0,0,0,0,"[""full_validation""]",[105.8538175188005],offload_gap_v1,30,3145728000,3145728000,3145728000,"[""/home/molly/workspace-memory-attn/memory-attention/profile/results/optimization/offload-gap-001/A0001/R04-full-validation/B1-J018-candidate-prefill-ma_gpu_unfolded-b4-l2048.json""]",completed,77480.23524485926,77271.23068098722,77389.74551905069,descriptive round-mean range within one process; NOT a confidence interval,ma_gpu_unfolded
4,942a2a52d94cf6dbe6e753f7ac291daf8b0699fb,0,0,0,0,mean of process means; each process mean averages all raw samples,7326776320,7326776320,7326776320,5410.1943359375,7393776640,7393776640,7393776640,8650752000,8650752000,8650752000,8650752000,8650752000,8650752000,12890533888,12890533888,12890533888,5327949824,5327949824,5327949824,candidate,1,1611399168,1611399168,1611399168,7.3460078332573175,7.288249768316746,7.308773587768276,2048,formal_v1_w10_n10_r3,decode,0,0,0,0,0,0,"[""full_validation""]",[7.308773587768276],offload_gap_v1,30,3145728000,3145728000,3145728000,"[""/home/molly/workspace-memory-attn/memory-attention/profile/results/optimization/offload-gap-001/A0001/R04-full-validation/B1-J019-candidate-decode-ma_gpu_unfolded-b4-l2048.json""]",completed,548.8286114162383,544.5134406052418,547.2874418622392,descriptive round-mean range within one process; NOT a confidence interval,ma_gpu_unfolded
4,62942a0387608fe21baaeb2dce9ef3b0947dde4d,0,0,0,0,mean of process means; each process mean averages all raw samples,7326776320,7326776320,7326776320,5410.1943359375,7393776640,7393776640,7393776640,8650752000,8650752000,8650752000,8650752000,8650752000,8650752000,12891340800,12891340800,12891340800,5328351232,5328351232,5328351232,baseline,1,1611399168,1611399168,1611399168,7.294080965220928,7.286096876487136,7.288773559654753,2048,formal_v1_w10_n10_r3,decode,0,0,0,0,0,0,"[""full_validation""]",[7.288773559654753],offload_gap_v1,30,3145728000,3145728000,3145728000,"[""/home/molly/workspace-memory-attn/memory-attention/profile/results/optimization/offload-gap-001/A0001/R04-full-validation/B1-J020-baseline-decode-ma_gpu_unfolded-b4-l2048.json""]",completed,548.990778987354,548.38985460574,548.7891710809943,descriptive round-mean range within one process; NOT a confidence interval,ma_gpu_unfolded
4,62942a0387608fe21baaeb2dce9ef3b0947dde4d,0,0,0,0,mean of process means; each process mean averages all raw samples,7326776320,7326776320,7326776320,5410.1943359375,7393776640,7393776640,7393776640,8650752000,8650752000,8650752000,8650752000,8650752000,8650752000,12891430912,12891430912,12891430912,5328719872,5328719872,5328719872,baseline,1,1611399168,1611399168,1611399168,7.232031086459756,7.221939181908965,7.227640117829044,2048,formal_v1_w10_n10_r3,decode,0,0,0,0,0,0,"[""full_validation""]",[7.227640117829044],offload_gap_v1,30,3145728000,3145728000,3145728000,"[""/home/molly/workspace-memory-attn/memory-attention/profile/results/optimization/offload-gap-001/A0001/R04-full-validation/B1-J021-baseline-decode-ma_gpu-b4-l2048.json""]",completed,553.8678600368227,553.0949676763753,553.4309864339889,descriptive round-mean range within one process; NOT a confidence interval,ma_gpu
4,942a2a52d94cf6dbe6e753f7ac291daf8b0699fb,0,0,0,0,mean of process means; each process mean averages all raw samples,7326776320,7326776320,7326776320,5410.1943359375,7393776640,7393776640,7393776640,8650752000,8650752000,8650752000,8650752000,8650752000,8650752000,12890877952,12890877952,12890877952,5328306176,5328306176,5328306176,candidate,1,1611399168,1611399168,1611399168,7.21086747944355,7.208081055432558,7.209649138773481,2048,formal_v1_w10_n10_r3,decode,0,0,0,0,0,0,"[""full_validation""]",[7.209649138773481],offload_gap_v1,30,3145728000,3145728000,3145728000,"[""/home/molly/workspace-memory-attn/memory-attention/profile/results/optimization/offload-gap-001/A0001/R04-full-validation/B1-J022-candidate-decode-ma_gpu-b4-l2048.json""]",completed,554.9327163829957,554.7182792365882,554.8120196984353,descriptive round-mean range within one process; NOT a confidence interval,ma_gpu
4,942a2a52d94cf6dbe6e753f7ac291daf8b0699fb,3000.0,3145728000,3145728000,3145728000,mean of process means; each process mean averages all raw samples,4290493440,4290493440,4290493440,2410.1943359375,4357477376,4357477376,4357477376,5993660416,5993660416,5993660416,5993660416,5993660416,5993660416,12892200960,12892200960,12892200960,11759255552,11759255552,11759255552,candidate,1,1611399168,1611399168,1611399168,10.143708856776357,7.343809492886066,8.27848861614863,2048,formal_v1_w10_n10_r3,decode,134610944,134610944,134610944,134610944,134610944,134610944,"[""full_validation""]",[8.27848861614863],offload_gap_v1,30,3145728000,3145728000,3145728000,"[""/home/molly/workspace-memory-attn/memory-attention/profile/results/optimization/offload-gap-001/A0001/R04-full-validation/B1-J023-candidate-decode-ma_offload-b4-l2048.json""]",completed,544.6764385534227,394.3330843262382,483.1799843509243,descriptive round-mean range within one process; NOT a confidence interval,ma_offload
4,62942a0387608fe21baaeb2dce9ef3b0947dde4d,3000.0,3145728000,3145728000,3145728000,mean of process means; each process mean averages all raw samples,4290493440,4290493440,4290493440,2410.1943359375,4357477376,4357477376,4357477376,5993660416,5993660416,5993660416,5993660416,5993660416,5993660416,12891394048,12891394048,12891394048,11758817280,11758817280,11758817280,baseline,1,1611399168,1611399168,1611399168,9.045565826818347,7.328342832624912,7.902923164268334,2048,formal_v1_w10_n10_r3,decode,134610944,134610944,134610944,134610944,134610944,134610944,"[""full_validation""]",[7.902923164268334],offload_gap_v1,30,3145728000,3145728000,3145728000,"[""/home/molly/workspace-memory-attn/memory-attention/profile/results/optimization/offload-gap-001/A0001/R04-full-validation/B1-J024-baseline-decode-ma_offload-b4-l2048.json""]",completed,545.8259925003065,442.20561505846064,506.1418309221695,descriptive round-mean range within one process; NOT a confidence interval,ma_offload
8,62942a0387608fe21baaeb2dce9ef3b0947dde4d,3000.0,3145728000,3145728000,3145728000,mean of process means; each process mean averages all raw samples,6035292160,6035292160,6035292160,2410.1943359375,6923972608,6923972608,6923972608,9684647936,9684647936,9684647936,9684647936,9684647936,9684647936,12891380394.666666,12891557888,12891168768,11709579264,11709722624,11709407232,baseline,3,3221225472,3221225472,3221225472,211.07478546462562,209.1244346351712,210.09961004989842,2048,formal_v1_w10_n10_r3,prefill,269221888,269221888,269221888,269221888,269221888,269221888,"[""confirmation"", ""confirmation"", ""confirmation""]","[210.20707592057684, 209.66450800187886, 210.42724622723958]",offload_gap_v1,90,3145728000,3145728000,3145728000,"[""/home/molly/workspace-memory-attn/memory-attention/profile/results/optimization/offload-gap-001/A0001/R03-confirmation-v2/B1-J009-baseline-prefill-ma_offload-b8-l2048.json"", ""/home/molly/workspace-memory-attn/memory-attention/profile/results/optimization/offload-gap-001/A0001/R03-confirmation-v2/B2-J024-baseline-prefill-ma_offload-b8-l2048.json"", ""/home/molly/workspace-memory-attn/memory-attention/profile/results/optimization/offload-gap-001/A0001/R03-confirmation-v2/B3-J041-baseline-prefill-ma_offload-b8-l2048.json""]",reused,78345.69895470496,77621.77734273156,77982.05811095423,95% Student-t interval over 3 independent process means (df=2),ma_offload
8,942a2a52d94cf6dbe6e753f7ac291daf8b0699fb,3000.0,3145728000,3145728000,3145728000,mean of process means; each process mean averages all raw samples,6035292160,6035292160,6035292160,2410.1943359375,6923972608,6923972608,6923972608,9684647936,9684647936,9684647936,9684647936,9684647936,9684647936,12892199594.666666,12893216768,12891508736,11709654357.333334,11709739008,11709530112,candidate,3,3221225472,3221225472,3221225472,210.001641809804,209.38865401899213,209.69514791439806,2048,formal_v1_w10_n10_r3,prefill,269221888,269221888,269221888,269221888,269221888,269221888,"[""confirmation"", ""confirmation"", ""confirmation""]","[209.56034165186188, 209.72263643828532, 209.80246565304697]",offload_gap_v1,90,3145728000,3145728000,3145728000,"[""/home/molly/workspace-memory-attn/memory-attention/profile/results/optimization/offload-gap-001/A0001/R03-confirmation-v2/B1-J010-candidate-prefill-ma_offload-b8-l2048.json"", ""/home/molly/workspace-memory-attn/memory-attention/profile/results/optimization/offload-gap-001/A0001/R03-confirmation-v2/B2-J023-candidate-prefill-ma_offload-b8-l2048.json"", ""/home/molly/workspace-memory-attn/memory-attention/profile/results/optimization/offload-gap-001/A0001/R03-confirmation-v2/B3-J042-candidate-prefill-ma_offload-b8-l2048.json""]",reused,78246.83756988058,78018.43765982932,78132.47069831245,95% Student-t interval over 3 independent process means (df=2),ma_offload
8,942a2a52d94cf6dbe6e753f7ac291daf8b0699fb,0,0,0,0,mean of process means; each process mean averages all raw samples,8936964096,8936964096,8936964096,5410.1943359375,9825644544,9825644544,9825644544,11444158464,11444158464,11444158464,11444158464,11444158464,11444158464,12891798186.666666,12893028352,12890746880,5144147285.333333,5144301568,5143855104,candidate,3,3221225472,3221225472,3221225472,206.87989312820304,206.1169668858647,206.49843000703387,2048,formal_v1_w10_n10_r3,prefill,0,0,0,0,0,0,"[""confirmation"", ""confirmation"", ""confirmation""]","[206.67542569960156, 206.41914820298553, 206.40071611851454]",offload_gap_v1,90,3145728000,3145728000,3145728000,"[""/home/molly/workspace-memory-attn/memory-attention/profile/results/optimization/offload-gap-001/A0001/R03-confirmation-v2/B1-J011-candidate-prefill-ma_gpu-b8-l2048.json"", ""/home/molly/workspace-memory-attn/memory-attention/profile/results/optimization/offload-gap-001/A0001/R03-confirmation-v2/B2-J022-candidate-prefill-ma_gpu-b8-l2048.json"", ""/home/molly/workspace-memory-attn/memory-attention/profile/results/optimization/offload-gap-001/A0001/R03-confirmation-v2/B3-J043-candidate-prefill-ma_gpu-b8-l2048.json""]",reused,79488.84678218888,79195.70989843305,79342.00758544226,95% Student-t interval over 3 independent process means (df=2),ma_gpu
8,62942a0387608fe21baaeb2dce9ef3b0947dde4d,0,0,0,0,mean of process means; each process mean averages all raw samples,8936964096,8936964096,8936964096,5410.1943359375,9825644544,9825644544,9825644544,11444158464,11444158464,11444158464,11444158464,11444158464,11444158464,12891519658.666666,12892704768,12890374144,5144261973.333333,5144457216,5144027136,baseline,3,3221225472,3221225472,3221225472,207.99949172905355,205.5336180699739,206.76655489951372,2048,formal_v1_w10_n10_r3,prefill,0,0,0,0,0,0,"[""confirmation"", ""confirmation"", ""confirmation""]","[206.42496900012097, 207.33587850506106, 206.53881719335914]",offload_gap_v1,90,3145728000,3145728000,3145728000,"[""/home/molly/workspace-memory-attn/memory-attention/profile/results/optimization/offload-gap-001/A0001/R03-confirmation-v2/B1-J012-baseline-prefill-ma_gpu-b8-l2048.json"", ""/home/molly/workspace-memory-attn/memory-attention/profile/results/optimization/offload-gap-001/A0001/R03-confirmation-v2/B2-J021-baseline-prefill-ma_gpu-b8-l2048.json"", ""/home/molly/workspace-memory-attn/memory-attention/profile/results/optimization/offload-gap-001/A0001/R03-confirmation-v2/B3-J044-baseline-prefill-ma_gpu-b8-l2048.json""]",reused,79714.45330380001,78769.42325100629,79239.12069803767,95% Student-t interval over 3 independent process means (df=2),ma_gpu
8,62942a0387608fe21baaeb2dce9ef3b0947dde4d,0,0,0,0,mean of process means; each process mean averages all raw samples,8936964096,8936964096,8936964096,5410.1943359375,9825644544,9825644544,9825644544,11444158464,11444158464,11444158464,11444158464,11444158464,11444158464,12890161152,12890161152,12890161152,5143781376,5143781376,5143781376,baseline,1,3221225472,3221225472,3221225472,208.98381974548101,208.46184599213302,208.7143479846418,2048,formal_v1_w10_n10_r3,prefill,0,0,0,0,0,0,"[""full_validation""]",[208.7143479846418],offload_gap_v1,30,3145728000,3145728000,3145728000,"[""/home/molly/workspace-memory-attn/memory-attention/profile/results/optimization/offload-gap-001/A0001/R04-full-validation/B1-J029-baseline-prefill-ma_gpu_unfolded-b8-l2048.json""]",completed,78594.71800234515,78398.41390569799,78499.63434811686,descriptive round-mean range within one process; NOT a confidence interval,ma_gpu_unfolded
8,942a2a52d94cf6dbe6e753f7ac291daf8b0699fb,0,0,0,0,mean of process means; each process mean averages all raw samples,8936964096,8936964096,8936964096,5410.1943359375,9825644544,9825644544,9825644544,11444158464,11444158464,11444158464,11444158464,11444158464,11444158464,12891557888,12891557888,12891557888,5144014848,5144014848,5144014848,candidate,1,3221225472,3221225472,3221225472,208.72703036293387,207.53639391623437,208.100480462114,2048,formal_v1_w10_n10_r3,prefill,0,0,0,0,0,0,"[""full_validation""]",[208.100480462114],offload_gap_v1,30,3145728000,3145728000,3145728000,"[""/home/molly/workspace-memory-attn/memory-attention/profile/results/optimization/offload-gap-001/A0001/R04-full-validation/B1-J030-candidate-prefill-ma_gpu_unfolded-b8-l2048.json""]",completed,78945.18976085175,78494.86466372637,78731.19736973797,descriptive round-mean range within one process; NOT a confidence interval,ma_gpu_unfolded
8,942a2a52d94cf6dbe6e753f7ac291daf8b0699fb,0,0,0,0,mean of process means; each process mean averages all raw samples,8938432000,8938432000,8938432000,5410.1943359375,9072432640,9072432640,9072432640,11446255616,11446255616,11446255616,11446255616,11446255616,11446255616,12890959872,12890959872,12890959872,5328326656,5328326656,5328326656,candidate,1,3222798336,3222798336,3222798336,11.03048319928348,11.023123282939196,11.025754983226458,2048,formal_v1_w10_n10_r3,decode,0,0,0,0,0,0,"[""full_validation""]",[11.025754983226458],offload_gap_v1,30,3145728000,3145728000,3145728000,"[""/home/molly/workspace-memory-attn/memory-attention/profile/results/optimization/offload-gap-001/A0001/R04-full-validation/B1-J031-candidate-decode-ma_gpu_unfolded-b8-l2048.json""]",completed,725.7471221774168,725.2628788301554,725.5738960434405,descriptive round-mean range within one process; NOT a confidence interval,ma_gpu_unfolded
8,62942a0387608fe21baaeb2dce9ef3b0947dde4d,0,0,0,0,mean of process means; each process mean averages all raw samples,8938432000,8938432000,8938432000,5410.1943359375,9072432640,9072432640,9072432640,11446255616,11446255616,11446255616,11446255616,11446255616,11446255616,12891488256,12891488256,12891488256,5328429056,5328429056,5328429056,baseline,1,3222798336,3222798336,3222798336,11.074191145598888,11.020087683573365,11.038687312975526,2048,formal_v1_w10_n10_r3,decode,0,0,0,0,0,0,"[""full_validation""]",[11.038687312975526],offload_gap_v1,30,3145728000,3145728000,3145728000,"[""/home/molly/workspace-memory-attn/memory-attention/profile/results/optimization/offload-gap-001/A0001/R04-full-validation/B1-J032-baseline-decode-ma_gpu_unfolded-b8-l2048.json""]",completed,725.9470368756563,722.4003897728788,724.7238528621358,descriptive round-mean range within one process; NOT a confidence interval,ma_gpu_unfolded
8,62942a0387608fe21baaeb2dce9ef3b0947dde4d,0,0,0,0,mean of process means; each process mean averages all raw samples,8938432000,8938432000,8938432000,5410.1943359375,9072432640,9072432640,9072432640,11446255616,11446255616,11446255616,11446255616,11446255616,11446255616,12891316224,12891852800,12890488832,5328461824,5328519168,5328408576,baseline,3,3222798336,3222798336,3222798336,10.95309082592269,10.915141190839407,10.934116008381048,2048,formal_v1_w10_n10_r3,decode,0,0,0,0,0,0,"[""confirmation"", ""confirmation"", ""confirmation""]","[10.941058956086636, 10.925933734203378, 10.935355334853133]",offload_gap_v1,90,3145728000,3145728000,3145728000,"[""/home/molly/workspace-memory-attn/memory-attention/profile/results/optimization/offload-gap-001/A0001/R03-confirmation-v2/B1-J013-baseline-decode-ma_gpu-b8-l2048.json"", ""/home/molly/workspace-memory-attn/memory-attention/profile/results/optimization/offload-gap-001/A0001/R03-confirmation-v2/B2-J020-baseline-decode-ma_gpu-b8-l2048.json"", ""/home/molly/workspace-memory-attn/memory-attention/profile/results/optimization/offload-gap-001/A0001/R03-confirmation-v2/B3-J045-baseline-decode-ma_gpu-b8-l2048.json""]",reused,732.9268453910651,730.387442882003,731.6549407257033,95% Student-t interval over 3 independent process means (df=2),ma_gpu
8,942a2a52d94cf6dbe6e753f7ac291daf8b0699fb,0,0,0,0,mean of process means; each process mean averages all raw samples,8938432000,8938432000,8938432000,5410.1943359375,9072432640,9072432640,9072432640,11446255616,11446255616,11446255616,11446255616,11446255616,11446255616,12892049408,12893839360,12891119616,5329022976,5330296832,5328265216,candidate,3,3222798336,3222798336,3222798336,10.94531620729189,10.89846452511131,10.9218903662016,2048,formal_v1_w10_n10_r3,decode,0,0,0,0,0,0,"[""confirmation"", ""confirmation"", ""confirmation""]","[10.929511751358708, 10.911344395329555, 10.924814951916536]",offload_gap_v1,90,3145728000,3145728000,3145728000,"[""/home/molly/workspace-memory-attn/memory-attention/profile/results/optimization/offload-gap-001/A0001/R03-confirmation-v2/B1-J014-candidate-decode-ma_gpu-b8-l2048.json"", ""/home/molly/workspace-memory-attn/memory-attention/profile/results/optimization/offload-gap-001/A0001/R03-confirmation-v2/B2-J019-candidate-decode-ma_gpu-b8-l2048.json"", ""/home/molly/workspace-memory-attn/memory-attention/profile/results/optimization/offload-gap-001/A0001/R03-confirmation-v2/B3-J046-candidate-decode-ma_gpu-b8-l2048.json""]",reused,734.048358974522,730.9062477948615,732.4739337025802,95% Student-t interval over 3 independent process means (df=2),ma_gpu
8,942a2a52d94cf6dbe6e753f7ac291daf8b0699fb,3000.0,3145728000,3145728000,3145728000,mean of process means; each process mean averages all raw samples,6036760064,6036760064,6036760064,2410.1943359375,6170727936,6170727936,6170727936,9684647936,9684647936,9684647936,9684647936,9684647936,9684647936,12890985813.333334,12891545600,12890624000,11893411840,11893522432,11893264384,candidate,3,3222798336,3222798336,3222798336,11.040424463500434,10.985799774262786,11.01311211888161,2048,formal_v1_w10_n10_r3,decode,269221888,269221888,269221888,269221888,269221888,269221888,"[""confirmation"", ""confirmation"", ""confirmation""]","[11.004542217900356, 11.009285288552443, 11.02550885019203]",offload_gap_v1,90,3145728000,3145728000,3145728000,"[""/home/molly/workspace-memory-attn/memory-attention/profile/results/optimization/offload-gap-001/A0001/R03-confirmation-v2/B1-J015-candidate-decode-ma_offload-b8-l2048.json"", ""/home/molly/workspace-memory-attn/memory-attention/profile/results/optimization/offload-gap-001/A0001/R03-confirmation-v2/B2-J018-candidate-decode-ma_offload-b8-l2048.json"", ""/home/molly/workspace-memory-attn/memory-attention/profile/results/optimization/offload-gap-001/A0001/R03-confirmation-v2/B3-J047-candidate-decode-ma_offload-b8-l2048.json""]",reused,728.2127987388018,724.6098215198106,726.4068424659247,95% Student-t interval over 3 independent process means (df=2),ma_offload
8,62942a0387608fe21baaeb2dce9ef3b0947dde4d,3000.0,3145728000,3145728000,3145728000,mean of process means; each process mean averages all raw samples,6036760064,6036760064,6036760064,2410.1943359375,6170727936,6170727936,6170727936,9684647936,9684647936,9684647936,9684647936,9684647936,9684647936,12890701824,12891197440,12890419200,11893182464,11893211136,11893149696,baseline,3,3222798336,3222798336,3222798336,11.20205763012316,10.974258119147887,11.088157874635524,2048,formal_v1_w10_n10_r3,decode,269221888,269221888,269221888,269221888,269221888,269221888,"[""confirmation"", ""confirmation"", ""confirmation""]","[11.068163936336836, 11.140610463917255, 11.055699223652482]",offload_gap_v1,90,3145728000,3145728000,3145728000,"[""/home/molly/workspace-memory-attn/memory-attention/profile/results/optimization/offload-gap-001/A0001/R03-confirmation-v2/B1-J016-baseline-decode-ma_offload-b8-l2048.json"", ""/home/molly/workspace-memory-attn/memory-attention/profile/results/optimization/offload-gap-001/A0001/R03-confirmation-v2/B2-J017-baseline-decode-ma_offload-b8-l2048.json"", ""/home/molly/workspace-memory-attn/memory-attention/profile/results/optimization/offload-gap-001/A0001/R03-confirmation-v2/B3-J048-baseline-decode-ma_offload-b8-l2048.json""]",reused,728.9786619873282,714.1545119788893,721.4904486795076,95% Student-t interval over 3 independent process means (df=2),ma_offload
16,62942a0387608fe21baaeb2dce9ef3b0947dde4d,3000.0,3145728000,3145728000,3145728000,mean of process means; each process mean averages all raw samples,9526382592,9526382592,9526382592,2410.1943359375,11303743488,11303743488,11303743488,17433624576,17433624576,17433624576,17433624576,17433624576,17433624576,12892562773.333334,12893396992,12891115520,11978555392,11978956800,11978313728,baseline,3,6442450944,6442450944,6442450944,419.38625240936966,418.1731939623082,418.7797231858389,2048,formal_v1_w10_n10_r3,prefill,538443776,538443776,538443776,538443776,538443776,538443776,"[""full_validation"", ""full_validation"", ""full_validation""]","[418.54316556515795, 418.7651678919792, 419.03083610037964]",offload_gap_v1,90,3145728000,3145728000,3145728000,"[""/home/molly/workspace-memory-attn/memory-attention/profile/results/optimization/offload-gap-001/A0001/R04-full-validation/B1-J037-baseline-prefill-ma_offload-b16-l2048.json"", ""/home/molly/workspace-memory-attn/memory-attention/profile/results/optimization/offload-gap-001/A0001/R08-prefill-regression/B2-J020-baseline-prefill-ma_offload-b16-l2048.json"", ""/home/molly/workspace-memory-attn/memory-attention/profile/results/optimization/offload-gap-001/A0001/R08-prefill-regression/B3-J029-baseline-prefill-ma_offload-b16-l2048.json""]",reused,78359.87689577618,78133.2239951791,78246.3863119246,95% Student-t interval over 3 independent process means (df=2),ma_offload
16,942a2a52d94cf6dbe6e753f7ac291daf8b0699fb,3000.0,3145728000,3145728000,3145728000,mean of process means; each process mean averages all raw samples,9526382592,9526382592,9526382592,2410.1943359375,11303743488,11303743488,11303743488,17433624576,17433624576,17433624576,17433624576,17433624576,17433624576,12894108330.666666,12895539200,12891590656,11979815594.666666,11980619776,11978526720,candidate,3,6442450944,6442450944,6442450944,428.15400202152654,416.19188118607616,422.17294160380135,2048,formal_v1_w10_n10_r3,prefill,538443776,538443776,538443776,538443776,538443776,538443776,"[""full_validation"", ""full_validation"", ""full_validation""]","[420.6637803154687, 424.9496121114741, 420.90543238446116]",offload_gap_v1,90,3145728000,3145728000,3145728000,"[""/home/molly/workspace-memory-attn/memory-attention/profile/results/optimization/offload-gap-001/A0001/R04-full-validation/B1-J038-candidate-prefill-ma_offload-b16-l2048.json"", ""/home/molly/workspace-memory-attn/memory-attention/profile/results/optimization/offload-gap-001/A0001/R08-prefill-regression/B2-J019-candidate-prefill-ma_offload-b16-l2048.json"", ""/home/molly/workspace-memory-attn/memory-attention/profile/results/optimization/offload-gap-001/A0001/R08-prefill-regression/B3-J030-candidate-prefill-ma_offload-b16-l2048.json""]",reused,78732.91498771375,76533.20965186846,77617.48035181264,95% Student-t interval over 3 independent process means (df=2),ma_offload
16,942a2a52d94cf6dbe6e753f7ac291daf8b0699fb,0,0,0,0,mean of process means; each process mean averages all raw samples,12158832640,12158832640,12158832640,5410.1943359375,13936193536,13936193536,13936193536,17030971392,17030971392,17030971392,17030971392,17030971392,17030971392,12893067946.666666,12895236096,12890959872,5144154112,5144256512,5144076288,candidate,3,6442450944,6442450944,6442450944,425.22817248814556,414.97784176298387,420.1030071255647,2048,formal_v1_w10_n10_r3,prefill,0,0,0,0,0,0,"[""full_validation"", ""full_validation"", ""full_validation""]","[418.88912469148636, 422.4851899159451, 418.93470676926273]",offload_gap_v1,90,3145728000,3145728000,3145728000,"[""/home/molly/workspace-memory-attn/memory-attention/profile/results/optimization/offload-gap-001/A0001/R04-full-validation/B1-J039-candidate-prefill-ma_gpu-b16-l2048.json"", ""/home/molly/workspace-memory-attn/memory-attention/profile/results/optimization/offload-gap-001/A0001/R08-prefill-regression/B2-J018-candidate-prefill-ma_gpu-b16-l2048.json"", ""/home/molly/workspace-memory-attn/memory-attention/profile/results/optimization/offload-gap-001/A0001/R08-prefill-regression/B3-J031-candidate-prefill-ma_gpu-b16-l2048.json""]",reused,78963.25225652786,77059.80487667125,77999.91774447347,95% Student-t interval over 3 independent process means (df=2),ma_gpu
16,62942a0387608fe21baaeb2dce9ef3b0947dde4d,0,0,0,0,mean of process means; each process mean averages all raw samples,12158832640,12158832640,12158832640,5410.1943359375,13936193536,13936193536,13936193536,17030971392,17030971392,17030971392,17030971392,17030971392,17030971392,12892437162.666666,12893208576,12890914816,5144130901.333333,5144281088,5144018944,baseline,3,6442450944,6442450944,6442450944,426.519885238459,415.3370781973498,420.9284817179044,2048,formal_v1_w10_n10_r3,prefill,0,0,0,0,0,0,"[""full_validation"", ""full_validation"", ""full_validation""]","[419.82257389463484, 423.518349789083, 419.4445214699954]",offload_gap_v1,90,3145728000,3145728000,3145728000,"[""/home/molly/workspace-memory-attn/memory-attention/profile/results/optimization/offload-gap-001/A0001/R04-full-validation/B1-J040-baseline-prefill-ma_gpu-b16-l2048.json"", ""/home/molly/workspace-memory-attn/memory-attention/profile/results/optimization/offload-gap-001/A0001/R08-prefill-regression/B2-J017-baseline-prefill-ma_gpu-b16-l2048.json"", ""/home/molly/workspace-memory-attn/memory-attention/profile/results/optimization/offload-gap-001/A0001/R08-prefill-regression/B3-J032-baseline-prefill-ma_gpu-b16-l2048.json""]",reused,78894.95477316884,76826.42974941262,77846.9536351315,95% Student-t interval over 3 independent process means (df=2),ma_gpu
16,62942a0387608fe21baaeb2dce9ef3b0947dde4d,0,0,0,0,mean of process means; each process mean averages all raw samples,12158832640,12158832640,12158832640,5410.1943359375,13936193536,13936193536,13936193536,17030971392,17030971392,17030971392,17030971392,17030971392,17030971392,12891172864,12891172864,12891172864,5143760896,5143760896,5143760896,baseline,1,6442450944,6442450944,6442450944,425.0672635156661,423.0245512444526,424.0790660182635,2048,formal_v1_w10_n10_r3,prefill,0,0,0,0,0,0,"[""full_validation""]",[424.0790660182635],offload_gap_v1,30,3145728000,3145728000,3145728000,"[""/home/molly/workspace-memory-attn/memory-attention/profile/results/optimization/offload-gap-001/A0001/R04-full-validation/B1-J041-baseline-prefill-ma_gpu_unfolded-b16-l2048.json""]",completed,77461.22513126762,77088.97582227552,77268.6100911871,descriptive round-mean range within one process; NOT a confidence interval,ma_gpu_unfolded
16,942a2a52d94cf6dbe6e753f7ac291daf8b0699fb,0,0,0,0,mean of process means; each process mean averages all raw samples,12158832640,12158832640,12158832640,5410.1943359375,13936193536,13936193536,13936193536,17030971392,17030971392,17030971392,17030971392,17030971392,17030971392,12891512832,12891512832,12891512832,5143814144,5143814144,5143814144,candidate,1,6442450944,6442450944,6442450944,425.47691678628325,423.50781271234155,424.49931868662435,2048,formal_v1_w10_n10_r3,prefill,0,0,0,0,0,0,"[""full_validation""]",[424.49931868662435],offload_gap_v1,30,3145728000,3145728000,3145728000,"[""/home/molly/workspace-memory-attn/memory-attention/profile/results/optimization/offload-gap-001/A0001/R04-full-validation/B1-J042-candidate-prefill-ma_gpu_unfolded-b16-l2048.json""]",completed,77372.8347303405,77014.75381438693,77192.11446883412,descriptive round-mean range within one process; NOT a confidence interval,ma_gpu_unfolded
16,942a2a52d94cf6dbe6e753f7ac291daf8b0699fb,0,0,0,0,mean of process means; each process mean averages all raw samples,12161743360,12161743360,12161743360,5410.1943359375,12429744640,12429744640,12429744640,17033068544,17033068544,17033068544,17033068544,17033068544,17033068544,12891414528,12891414528,12891414528,5303115776,5303115776,5303115776,candidate,1,6445596672,6445596672,6445596672,20.411427645012736,20.400492008775473,20.407414777825277,2048,formal_v1_w10_n10_r3,decode,0,0,0,0,0,0,"[""full_validation""]",[20.407414777825277],offload_gap_v1,30,3145728000,3145728000,3145728000,"[""/home/molly/workspace-memory-attn/memory-attention/profile/results/optimization/offload-gap-001/A0001/R04-full-validation/B1-J043-candidate-decode-ma_gpu_unfolded-b16-l2048.json""]",completed,784.2948098074028,783.8746156449957,784.0287549496775,descriptive round-mean range within one process; NOT a confidence interval,ma_gpu_unfolded
16,62942a0387608fe21baaeb2dce9ef3b0947dde4d,0,0,0,0,mean of process means; each process mean averages all raw samples,12161743360,12161743360,12161743360,5410.1943359375,12429744640,12429744640,12429744640,17033068544,17033068544,17033068544,17033068544,17033068544,17033068544,12891918336,12891918336,12891918336,5303549952,5303549952,5303549952,baseline,1,6445596672,6445596672,6445596672,20.399039890617132,20.398350292816758,20.398674656947453,2048,formal_v1_w10_n10_r3,decode,0,0,0,0,0,0,"[""full_validation""]",[20.398674656947453],offload_gap_v1,30,3145728000,3145728000,3145728000,"[""/home/molly/workspace-memory-attn/memory-attention/profile/results/optimization/offload-gap-001/A0001/R04-full-validation/B1-J044-baseline-decode-ma_gpu_unfolded-b16-l2048.json""]",completed,784.3771565014437,784.3506403141777,784.3646839355156,descriptive round-mean range within one process; NOT a confidence interval,ma_gpu_unfolded
16,62942a0387608fe21baaeb2dce9ef3b0947dde4d,0,0,0,0,mean of process means; each process mean averages all raw samples,12161743360,12161743360,12161743360,5410.1943359375,12429744640,12429744640,12429744640,17033068544,17033068544,17033068544,17033068544,17033068544,17033068544,12890599424,12890599424,12890599424,5303066624,5303066624,5303066624,baseline,1,6445596672,6445596672,6445596672,20.30944488942623,20.296166837215424,20.301630115136504,2048,formal_v1_w10_n10_r3,decode,0,0,0,0,0,0,"[""full_validation""]",[20.301630115136504],offload_gap_v1,30,3145728000,3145728000,3145728000,"[""/home/molly/workspace-memory-attn/memory-attention/profile/results/optimization/offload-gap-001/A0001/R04-full-validation/B1-J045-baseline-decode-ma_gpu-b16-l2048.json""]",completed,788.3261961890314,787.8107987249878,788.1140533671091,descriptive round-mean range within one process; NOT a confidence interval,ma_gpu
16,942a2a52d94cf6dbe6e753f7ac291daf8b0699fb,0,0,0,0,mean of process means; each process mean averages all raw samples,12161743360,12161743360,12161743360,5410.1943359375,12429744640,12429744640,12429744640,17033068544,17033068544,17033068544,17033068544,17033068544,17033068544,12891107328,12891107328,12891107328,5303091200,5303091200,5303091200,candidate,1,6445596672,6445596672,6445596672,20.29173905029893,20.280846348032355,20.2847874412934,2048,formal_v1_w10_n10_r3,decode,0,0,0,0,0,0,"[""full_validation""]",[20.2847874412934],offload_gap_v1,30,3145728000,3145728000,3145728000,"[""/home/molly/workspace-memory-attn/memory-attention/profile/results/optimization/offload-gap-001/A0001/R04-full-validation/B1-J046-candidate-decode-ma_gpu-b16-l2048.json""]",completed,788.9217109300923,788.4982139943444,788.7684328123188,descriptive round-mean range within one process; NOT a confidence interval,ma_gpu
16,942a2a52d94cf6dbe6e753f7ac291daf8b0699fb,3000.0,3145728000,3145728000,3145728000,mean of process means; each process mean averages all raw samples,9529293312,9529293312,9529293312,2410.1943359375,9797229056,9797229056,9797229056,17435721728,17435721728,17435721728,17435721728,17435721728,17435721728,12890640384,12890640384,12890640384,12136923136,12136923136,12136923136,candidate,1,6445596672,6445596672,6445596672,20.384487276896834,20.32079715281725,20.344243074456852,2048,formal_v1_w10_n10_r3,decode,538443776,538443776,538443776,538443776,538443776,538443776,"[""full_validation""]",[20.344243074456852],offload_gap_v1,30,3145728000,3145728000,3145728000,"[""/home/molly/workspace-memory-attn/memory-attention/profile/results/optimization/offload-gap-001/A0001/R04-full-validation/B1-J047-candidate-decode-ma_offload-b16-l2048.json""]",completed,787.3706862814572,784.9105931712062,786.4632732435618,descriptive round-mean range within one process; NOT a confidence interval,ma_offload
16,62942a0387608fe21baaeb2dce9ef3b0947dde4d,3000.0,3145728000,3145728000,3145728000,mean of process means; each process mean averages all raw samples,9529293312,9529293312,9529293312,2410.1943359375,9797229056,9797229056,9797229056,17435721728,17435721728,17435721728,17435721728,17435721728,17435721728,12890533888,12890533888,12890533888,12137013248,12137013248,12137013248,baseline,1,6445596672,6445596672,6445596672,20.328635163605213,20.316315768286586,20.320913195610046,2048,formal_v1_w10_n10_r3,decode,538443776,538443776,538443776,538443776,538443776,538443776,"[""full_validation""]",[20.320913195610046],offload_gap_v1,30,3145728000,3145728000,3145728000,"[""/home/molly/workspace-memory-attn/memory-attention/profile/results/optimization/offload-gap-001/A0001/R04-full-validation/B1-J048-baseline-decode-ma_offload-b16-l2048.json""]",completed,787.5443649569437,787.0671036806809,787.3661899927067,descriptive round-mean range within one process; NOT a confidence interval,ma_offload
8,62942a0387608fe21baaeb2dce9ef3b0947dde4d,3000.0,3145728000,3145728000,3145728000,mean of process means; each process mean averages all raw samples,3753492480,3753492480,3753492480,2410.1943359375,3975278592,3975278592,3975278592,6396313600,6396313600,6396313600,6396313600,6396313600,6396313600,12890705920,12890705920,12890705920,11976458240,11976458240,11976458240,baseline,1,805306368,805306368,805306368,80.4281625431031,80.32075329683721,80.37180181903143,512,formal_v1_w10_n10_r3,prefill,403439616,403439616,403439616,403439616,403439616,403439616,"[""full_validation""]",[80.37180181903143],offload_gap_v1,30,3145728000,3145728000,3145728000,"[""/home/molly/workspace-memory-attn/memory-attention/profile/results/optimization/offload-gap-001/A0001/R04-full-validation/B1-J049-baseline-prefill-ma_offload-b8-l512.json""]",completed,50995.53766462606,50927.43475029496,50963.1476126755,descriptive round-mean range within one process; NOT a confidence interval,ma_offload
8,942a2a52d94cf6dbe6e753f7ac291daf8b0699fb,3000.0,3145728000,3145728000,3145728000,mean of process means; each process mean averages all raw samples,3417948160,3417948160,3417948160,2410.1943359375,3639734272,3639734272,3639734272,5993660416,5993660416,5993660416,5993660416,5993660416,5993660416,12891394048,12891394048,12891394048,11508113408,11508113408,11508113408,candidate,1,805306368,805306368,805306368,55.7889751624316,55.27990283444524,55.49051868729293,512,formal_v1_w10_n10_r3,prefill,67895296,67895296,67895296,67895296,67895296,67895296,"[""full_validation""]",[55.49051868729293],offload_gap_v1,30,3145728000,3145728000,3145728000,"[""/home/molly/workspace-memory-attn/memory-attention/profile/results/optimization/offload-gap-001/A0001/R04-full-validation/B1-J050-candidate-prefill-ma_offload-b8-l512.json""]",completed,74095.64398596877,73419.52398434188,73814.41184722543,descriptive round-mean range within one process; NOT a confidence interval,ma_offload
8,942a2a52d94cf6dbe6e753f7ac291daf8b0699fb,0,0,0,0,mean of process means; each process mean averages all raw samples,6520946688,6520946688,6520946688,5410.1943359375,6742732800,6742732800,6742732800,7300186112,7300186112,7300186112,7300186112,7300186112,7300186112,12890738688,12890738688,12890738688,5143785472,5143785472,5143785472,candidate,1,805306368,805306368,805306368,52.07072217017412,51.91304557956755,52.01768378416697,512,formal_v1_w10_n10_r3,prefill,0,0,0,0,0,0,"[""full_validation""]",[52.01768378416697],offload_gap_v1,30,3145728000,3145728000,3145728000,"[""/home/molly/workspace-memory-attn/memory-attention/profile/results/optimization/offload-gap-001/A0001/R04-full-validation/B1-J051-candidate-prefill-ma_gpu-b8-l512.json""]",completed,78901.16933559653,78662.24683064163,78742.4526050645,descriptive round-mean range within one process; NOT a confidence interval,ma_gpu
8,62942a0387608fe21baaeb2dce9ef3b0947dde4d,0,0,0,0,mean of process means; each process mean averages all raw samples,6520946688,6520946688,6520946688,5410.1943359375,6742732800,6742732800,6742732800,7300186112,7300186112,7300186112,7300186112,7300186112,7300186112,12891353088,12891353088,12891353088,5144035328,5144035328,5144035328,baseline,1,805306368,805306368,805306368,51.958971191197634,51.901388354599476,51.92270566088458,512,formal_v1_w10_n10_r3,prefill,0,0,0,0,0,0,"[""full_validation""]",[51.92270566088458],offload_gap_v1,30,3145728000,3145728000,3145728000,"[""/home/molly/workspace-memory-attn/memory-attention/profile/results/optimization/offload-gap-001/A0001/R04-full-validation/B1-J052-baseline-prefill-ma_gpu-b8-l512.json""]",completed,78918.89080144452,78831.42999363126,78886.48998285308,descriptive round-mean range within one process; NOT a confidence interval,ma_gpu
8,62942a0387608fe21baaeb2dce9ef3b0947dde4d,0,0,0,0,mean of process means; each process mean averages all raw samples,6520946688,6520946688,6520946688,5410.1943359375,6742732800,6742732800,6742732800,7316963328,7316963328,7316963328,7316963328,7316963328,7316963328,12891045888,12891045888,12891045888,5143470080,5143470080,5143470080,baseline,1,805306368,805306368,805306368,52.20255497843027,52.11700424551964,52.15023965574801,512,formal_v1_w10_n10_r3,prefill,0,0,0,0,0,0,"[""full_validation""]",[52.15023965574801],offload_gap_v1,30,3145728000,3145728000,3145728000,"[""/home/molly/workspace-memory-attn/memory-attention/profile/results/optimization/offload-gap-001/A0001/R04-full-validation/B1-J053-baseline-prefill-ma_gpu_unfolded-b8-l512.json""]",completed,78592.39147177424,78463.59247535755,78542.3044465058,descriptive round-mean range within one process; NOT a confidence interval,ma_gpu_unfolded
8,942a2a52d94cf6dbe6e753f7ac291daf8b0699fb,0,0,0,0,mean of process means; each process mean averages all raw samples,6520946688,6520946688,6520946688,5410.1943359375,6742732800,6742732800,6742732800,7316963328,7316963328,7316963328,7316963328,7316963328,7316963328,12890955776,12890955776,12890955776,5143674880,5143674880,5143674880,candidate,1,805306368,805306368,805306368,52.4007735773921,52.11865301243961,52.214568154886365,512,formal_v1_w10_n10_r3,prefill,0,0,0,0,0,0,"[""full_validation""]",[52.214568154886365],offload_gap_v1,30,3145728000,3145728000,3145728000,"[""/home/molly/workspace-memory-attn/memory-attention/profile/results/optimization/offload-gap-001/A0001/R04-full-validation/B1-J054-candidate-prefill-ma_gpu_unfolded-b8-l512.json""]",completed,78589.90521152518,78166.7849607317,78445.54010003214,descriptive round-mean range within one process; NOT a confidence interval,ma_gpu_unfolded
8,942a2a52d94cf6dbe6e753f7ac291daf8b0699fb,0,0,0,0,mean of process means; each process mean averages all raw samples,6522488320,6522488320,6522488320,5410.1943359375,6555825664,6555825664,6555825664,7224688640,7224688640,7224688640,7224688640,7224688640,7224688640,12891295744,12891295744,12891295744,5303017472,5303017472,5303017472,candidate,1,806879232,806879232,806879232,5.760391848161817,5.685232859104872,5.712485111628969,512,formal_v1_w10_n10_r3,decode,0,0,0,0,0,0,"[""full_validation""]",[5.712485111628969],offload_gap_v1,30,3145728000,3145728000,3145728000,"[""/home/molly/workspace-memory-attn/memory-attention/profile/results/optimization/offload-gap-001/A0001/R04-full-validation/B1-J055-candidate-decode-ma_gpu_unfolded-b8-l512.json""]",completed,1407.154323888078,1388.7944103234677,1400.4412867027543,descriptive round-mean range within one process; NOT a confidence interval,ma_gpu_unfolded
8,62942a0387608fe21baaeb2dce9ef3b0947dde4d,0,0,0,0,mean of process means; each process mean averages all raw samples,6522488320,6522488320,6522488320,5410.1943359375,6555825664,6555825664,6555825664,7224688640,7224688640,7224688640,7224688640,7224688640,7224688640,12891242496,12891242496,12891242496,5302841344,5302841344,5302841344,baseline,1,806879232,806879232,806879232,5.8413921389728785,5.722439521923661,5.774156361197432,512,formal_v1_w10_n10_r3,decode,0,0,0,0,0,0,"[""full_validation""]",[5.774156361197432],offload_gap_v1,30,3145728000,3145728000,3145728000,"[""/home/molly/workspace-memory-attn/memory-attention/profile/results/optimization/offload-gap-001/A0001/R04-full-validation/B1-J056-baseline-decode-ma_gpu_unfolded-b8-l512.json""]",completed,1398.0051635933605,1369.5365436306217,1385.4837831826533,descriptive round-mean range within one process; NOT a confidence interval,ma_gpu_unfolded
8,62942a0387608fe21baaeb2dce9ef3b0947dde4d,0,0,0,0,mean of process means; each process mean averages all raw samples,6522488320,6522488320,6522488320,5410.1943359375,6555825664,6555825664,6555825664,7254048768,7254048768,7254048768,7254048768,7254048768,7254048768,12891521024,12891521024,12891521024,5303201792,5303201792,5303201792,baseline,1,806879232,806879232,806879232,5.589317157864571,5.587873514741659,5.588671859974663,512,formal_v1_w10_n10_r3,decode,0,0,0,0,0,0,"[""full_validation""]",[5.588671859974663],offload_gap_v1,30,3145728000,3145728000,3145728000,"[""/home/molly/workspace-memory-attn/memory-attention/profile/results/optimization/offload-gap-001/A0001/R04-full-validation/B1-J057-baseline-decode-ma_gpu-b8-l512.json""]",completed,1431.6716330272661,1431.301852095372,1431.4671178486885,descriptive round-mean range within one process; NOT a confidence interval,ma_gpu
8,942a2a52d94cf6dbe6e753f7ac291daf8b0699fb,0,0,0,0,mean of process means; each process mean averages all raw samples,6522488320,6522488320,6522488320,5410.1943359375,6555825664,6555825664,6555825664,7254048768,7254048768,7254048768,7254048768,7254048768,7254048768,12891312128,12891312128,12891312128,5303316480,5303316480,5303316480,candidate,1,806879232,806879232,806879232,5.5916995741426945,5.584827763959765,5.5882622332622605,512,formal_v1_w10_n10_r3,decode,0,0,0,0,0,0,"[""full_validation""]",[5.5882622332622605],offload_gap_v1,30,3145728000,3145728000,3145728000,"[""/home/molly/workspace-memory-attn/memory-attention/profile/results/optimization/offload-gap-001/A0001/R04-full-validation/B1-J058-candidate-decode-ma_gpu-b8-l512.json""]",completed,1432.4524118050554,1430.6920273388507,1431.5720462047536,descriptive round-mean range within one process; NOT a confidence interval,ma_gpu
8,942a2a52d94cf6dbe6e753f7ac291daf8b0699fb,3000.0,3145728000,3145728000,3145728000,mean of process means; each process mean averages all raw samples,3419489792,3419489792,3419489792,2410.1943359375,3452794368,3452794368,3452794368,5993660416,5993660416,5993660416,5993660416,5993660416,5993660416,12894072832,12894072832,12894072832,11667009536,11667009536,11667009536,candidate,1,806879232,806879232,806879232,5.702757462859154,5.66944032907486,5.681610122943918,512,formal_v1_w10_n10_r3,decode,67895296,67895296,67895296,67895296,67895296,67895296,"[""full_validation""]",[5.681610122943918],offload_gap_v1,30,3145728000,3145728000,3145728000,"[""/home/molly/workspace-memory-attn/memory-attention/profile/results/optimization/offload-gap-001/A0001/R04-full-validation/B1-J059-candidate-decode-ma_offload-b8-l512.json""]",completed,1411.0740277083826,1402.8301312307772,1408.051560541576,descriptive round-mean range within one process; NOT a confidence interval,ma_offload
8,62942a0387608fe21baaeb2dce9ef3b0947dde4d,3000.0,3145728000,3145728000,3145728000,mean of process means; each process mean averages all raw samples,3755034112,3755034112,3755034112,2410.1943359375,3788338688,3788338688,3788338688,6396313600,6396313600,6396313600,6396313600,6396313600,6396313600,12890959872,12890959872,12890959872,12135649280,12135649280,12135649280,baseline,1,806879232,806879232,806879232,5.68194817751646,5.673281801864505,5.676845461130142,512,formal_v1_w10_n10_r3,decode,403439616,403439616,403439616,403439616,403439616,403439616,"[""full_validation""]",[5.676845461130142],offload_gap_v1,30,3145728000,3145728000,3145728000,"[""/home/molly/workspace-memory-attn/memory-attention/profile/results/optimization/offload-gap-001/A0001/R04-full-validation/B1-J060-baseline-decode-ma_offload-b8-l512.json""]",completed,1410.118566183479,1407.9677867630155,1409.233359402982,descriptive round-mean range within one process; NOT a confidence interval,ma_offload
8,62942a0387608fe21baaeb2dce9ef3b0947dde4d,3000.0,3145728000,3145728000,3145728000,mean of process means; each process mean averages all raw samples,9531375616,9531375616,9531375616,2410.1943359375,11309248512,11309248512,11309248512,17442013184,17442013184,17442013184,17442013184,17442013184,17442013184,12891353088,12891353088,12891353088,11978207232,11978207232,11978207232,baseline,1,6442450944,6442450944,6442450944,448.9784687757492,446.97442282922566,447.9873949040969,4096,formal_v1_w10_n10_r3,prefill,537657344,537657344,537657344,537657344,537657344,537657344,"[""full_validation""]",[447.9873949040969],offload_gap_v1,30,3145728000,3145728000,3145728000,"[""/home/molly/workspace-memory-attn/memory-attention/profile/results/optimization/offload-gap-001/A0001/R04-full-validation/B1-J061-baseline-prefill-ma_offload-b8-l4096.json""]",completed,73310.68250524836,72983.45528539499,73144.91517560405,descriptive round-mean range within one process; NOT a confidence interval,ma_offload
8,942a2a52d94cf6dbe6e753f7ac291daf8b0699fb,3000.0,3145728000,3145728000,3145728000,mean of process means; each process mean averages all raw samples,9531375616,9531375616,9531375616,2410.1943359375,11309248512,11309248512,11309248512,17442013184,17442013184,17442013184,17442013184,17442013184,17442013184,12891824128,12891824128,12891824128,11978518528,11978518528,11978518528,candidate,1,6442450944,6442450944,6442450944,450.057659111917,446.78299971856177,448.5267291000734,4096,formal_v1_w10_n10_r3,prefill,537657344,537657344,537657344,537657344,537657344,537657344,"[""full_validation""]",[448.5267291000734],offload_gap_v1,30,3145728000,3145728000,3145728000,"[""/home/molly/workspace-memory-attn/memory-attention/profile/results/optimization/offload-gap-001/A0001/R04-full-validation/B1-J062-candidate-prefill-ma_offload-b8-l4096.json""]",completed,73342.09229232372,72808.44873223566,73056.9615455157,descriptive round-mean range within one process; NOT a confidence interval,ma_offload
8,942a2a52d94cf6dbe6e753f7ac291daf8b0699fb,0,0,0,0,mean of process means; each process mean averages all raw samples,12164612096,12164612096,12164612096,5410.1943359375,13942484992,13942484992,13942484992,17037262848,17037262848,17037262848,17037262848,17037262848,17037262848,12891238400,12891238400,12891238400,5144281088,5144281088,5144281088,candidate,1,6442450944,6442450944,6442450944,448.64866784773767,446.5221782680601,447.595225336651,4096,formal_v1_w10_n10_r3,prefill,0,0,0,0,0,0,"[""full_validation""]",[447.595225336651],offload_gap_v1,30,3145728000,3145728000,3145728000,"[""/home/molly/workspace-memory-attn/memory-attention/profile/results/optimization/offload-gap-001/A0001/R04-full-validation/B1-J063-candidate-prefill-ma_gpu-b8-l4096.json""]",completed,73384.93269718045,73037.10530824712,73209.00256555264,descriptive round-mean range within one process; NOT a confidence interval,ma_gpu
8,62942a0387608fe21baaeb2dce9ef3b0947dde4d,0,0,0,0,mean of process means; each process mean averages all raw samples,12164612096,12164612096,12164612096,5410.1943359375,13942484992,13942484992,13942484992,17037262848,17037262848,17037262848,17037262848,17037262848,17037262848,12891820032,12891820032,12891820032,5144465408,5144465408,5144465408,baseline,1,6442450944,6442450944,6442450944,449.59490834735334,447.43345682509243,448.55904645907384,4096,formal_v1_w10_n10_r3,prefill,0,0,0,0,0,0,"[""full_validation""]",[448.55904645907384],offload_gap_v1,30,3145728000,3145728000,3145728000,"[""/home/molly/workspace-memory-attn/memory-attention/profile/results/optimization/offload-gap-001/A0001/R04-full-validation/B1-J064-baseline-prefill-ma_gpu-b8-l4096.json""]",completed,73235.4711078511,72883.38767102698,73051.69800647355,descriptive round-mean range within one process; NOT a confidence interval,ma_gpu
8,62942a0387608fe21baaeb2dce9ef3b0947dde4d,0,0,0,0,mean of process means; each process mean averages all raw samples,12164612096,12164612096,12164612096,5410.1943359375,13942484992,13942484992,13942484992,17037262848,17037262848,17037262848,17037262848,17037262848,17037262848,12891320320,12891320320,12891320320,5143658496,5143658496,5143658496,baseline,1,6442450944,6442450944,6442450944,454.00851112790406,451.9002452492714,452.99462084658444,4096,formal_v1_w10_n10_r3,prefill,0,0,0,0,0,0,"[""full_validation""]",[452.99462084658444],offload_gap_v1,30,3145728000,3145728000,3145728000,"[""/home/molly/workspace-memory-attn/memory-attention/profile/results/optimization/offload-gap-001/A0001/R04-full-validation/B1-J065-baseline-prefill-ma_gpu_unfolded-b8-l4096.json""]",completed,72511.5782619789,72174.8583932792,72336.39979821643,descriptive round-mean range within one process; NOT a confidence interval,ma_gpu_unfolded
8,942a2a52d94cf6dbe6e753f7ac291daf8b0699fb,0,0,0,0,mean of process means; each process mean averages all raw samples,12164612096,12164612096,12164612096,5410.1943359375,13942484992,13942484992,13942484992,17037262848,17037262848,17037262848,17037262848,17037262848,17037262848,12890955776,12890955776,12890955776,5143801856,5143801856,5143801856,candidate,1,6442450944,6442450944,6442450944,454.60886787623167,452.4877936113626,453.61261640985805,4096,formal_v1_w10_n10_r3,prefill,0,0,0,0,0,0,"[""full_validation""]",[453.61261640985805],offload_gap_v1,30,3145728000,3145728000,3145728000,"[""/home/molly/workspace-memory-attn/memory-attention/profile/results/optimization/offload-gap-001/A0001/R04-full-validation/B1-J066-candidate-prefill-ma_gpu_unfolded-b8-l4096.json""]",completed,72417.42310543767,72079.54423124267,72237.8496862458,descriptive round-mean range within one process; NOT a confidence interval,ma_gpu_unfolded
8,942a2a52d94cf6dbe6e753f7ac291daf8b0699fb,0,0,0,0,mean of process means; each process mean averages all raw samples,12165948928,12165948928,12165948928,5410.1943359375,12434167296,12434167296,12434167296,17041457152,17041457152,17041457152,17041457152,17041457152,17041457152,12891168768,12891168768,12891168768,5327835136,5327835136,5327835136,candidate,1,6444023808,6444023808,6444023808,19.121548580005765,19.05396766960621,19.078176841139793,4096,formal_v1_w10_n10_r3,decode,0,0,0,0,0,0,"[""full_validation""]",[19.078176841139793],offload_gap_v1,30,3145728000,3145728000,3145728000,"[""/home/molly/workspace-memory-attn/memory-attention/profile/results/optimization/offload-gap-001/A0001/R04-full-validation/B1-J067-candidate-decode-ma_gpu_unfolded-b8-l4096.json""]",completed,419.86005952771393,418.3761564356305,419.3272798870887,descriptive round-mean range within one process; NOT a confidence interval,ma_gpu_unfolded
8,62942a0387608fe21baaeb2dce9ef3b0947dde4d,0,0,0,0,mean of process means; each process mean averages all raw samples,12165948928,12165948928,12165948928,5410.1943359375,12434167296,12434167296,12434167296,17041457152,17041457152,17041457152,17041457152,17041457152,17041457152,12891037696,12891037696,12891037696,5328191488,5328191488,5328191488,baseline,1,6444023808,6444023808,6444023808,19.105810672044754,19.056842382997274,19.074562781800825,4096,formal_v1_w10_n10_r3,decode,0,0,0,0,0,0,"[""full_validation""]",[19.074562781800825],offload_gap_v1,30,3145728000,3145728000,3145728000,"[""/home/molly/workspace-memory-attn/memory-attention/profile/results/optimization/offload-gap-001/A0001/R04-full-validation/B1-J068-baseline-decode-ma_gpu_unfolded-b8-l4096.json""]",completed,419.7967238863081,418.72078276717366,419.4067298692087,descriptive round-mean range within one process; NOT a confidence interval,ma_gpu_unfolded
8,62942a0387608fe21baaeb2dce9ef3b0947dde4d,0,0,0,0,mean of process means; each process mean averages all raw samples,12165948928,12165948928,12165948928,5410.1943359375,12434167296,12434167296,12434167296,17041457152,17041457152,17041457152,17041457152,17041457152,17041457152,12891852800,12891852800,12891852800,5328777216,5328777216,5328777216,baseline,1,6444023808,6444023808,6444023808,18.965853797271848,18.95363675430417,18.960842909291387,4096,formal_v1_w10_n10_r3,decode,0,0,0,0,0,0,"[""full_validation""]",[18.960842909291387],offload_gap_v1,30,3145728000,3145728000,3145728000,"[""/home/molly/workspace-memory-attn/memory-attention/profile/results/optimization/offload-gap-001/A0001/R04-full-validation/B1-J069-baseline-decode-ma_gpu-b8-l4096.json""]",completed,422.08258518953016,421.8106965029312,421.9221707743677,descriptive round-mean range within one process; NOT a confidence interval,ma_gpu
8,942a2a52d94cf6dbe6e753f7ac291daf8b0699fb,0,0,0,0,mean of process means; each process mean averages all raw samples,12165948928,12165948928,12165948928,5410.1943359375,12434167296,12434167296,12434167296,17041457152,17041457152,17041457152,17041457152,17041457152,17041457152,12890943488,12890943488,12890943488,5328478208,5328478208,5328478208,candidate,1,6444023808,6444023808,6444023808,18.96220692433417,18.95025745034218,18.956577281157177,4096,formal_v1_w10_n10_r3,decode,0,0,0,0,0,0,"[""full_validation""]",[18.956577281157177],offload_gap_v1,30,3145728000,3145728000,3145728000,"[""/home/molly/workspace-memory-attn/memory-attention/profile/results/optimization/offload-gap-001/A0001/R04-full-validation/B1-J070-candidate-decode-ma_gpu-b8-l4096.json""]",completed,422.157853050991,421.8918204997338,422.0171121266703,descriptive round-mean range within one process; NOT a confidence interval,ma_gpu
8,942a2a52d94cf6dbe6e753f7ac291daf8b0699fb,3000.0,3145728000,3145728000,3145728000,mean of process means; each process mean averages all raw samples,9532712448,9532712448,9532712448,2410.1943359375,9800898048,9800898048,9800898048,17444110336,17444110336,17444110336,17444110336,17444110336,17444110336,12891086848,12891086848,12891086848,12162097152,12162097152,12162097152,candidate,1,6444023808,6444023808,6444023808,19.02422420680523,19.018000550568104,19.02149631641805,4096,formal_v1_w10_n10_r3,decode,537657344,537657344,537657344,537657344,537657344,537657344,"[""full_validation""]",[19.02149631641805],offload_gap_v1,30,3145728000,3145728000,3145728000,"[""/home/molly/workspace-memory-attn/memory-attention/profile/results/optimization/offload-gap-001/A0001/R04-full-validation/B1-J071-candidate-decode-ma_offload-b8-l4096.json""]",completed,420.65410497430156,420.5164906087623,420.5767972677811,descriptive round-mean range within one process; NOT a confidence interval,ma_offload
8,62942a0387608fe21baaeb2dce9ef3b0947dde4d,3000.0,3145728000,3145728000,3145728000,mean of process means; each process mean averages all raw samples,9532712448,9532712448,9532712448,2410.1943359375,9800898048,9800898048,9800898048,17444110336,17444110336,17444110336,17444110336,17444110336,17444110336,12891582464,12891582464,12891582464,12161961984,12161961984,12161961984,baseline,1,6444023808,6444023808,6444023808,19.061458623036742,19.04101585969329,19.04880665242672,4096,formal_v1_w10_n10_r3,decode,537657344,537657344,537657344,537657344,537657344,537657344,"[""full_validation""]",[19.04880665242672],offload_gap_v1,30,3145728000,3145728000,3145728000,"[""/home/molly/workspace-memory-attn/memory-attention/profile/results/optimization/offload-gap-001/A0001/R04-full-validation/B1-J072-baseline-decode-ma_offload-b8-l4096.json""]",completed,420.14565078613737,419.6950589254273,419.9738149466093,descriptive round-mean range within one process; NOT a confidence interval,ma_offload
8,62942a0387608fe21baaeb2dce9ef3b0947dde4d,3000.0,3145728000,3145728000,3145728000,mean of process means; each process mean averages all raw samples,16523542528,16523542528,16523542528,2410.1943359375,20079800320,20079800320,20079800320,28896657408,28896657408,28896657408,28896657408,28896657408,28896657408,12893422933.333334,12894052352,12893106176,12515867306.666666,12516032512,12515586048,baseline,3,12884901888,12884901888,12884901888,1030.597718662521,996.7849541225361,1013.6913363925285,8192,formal_v1_w10_n10_r3,prefill,1074528256,1074528256,1074528256,1074528256,1074528256,1074528256,"[""full_validation"", ""full_validation"", ""full_validation""]","[1006.7223580709348, 1020.3211444430053, 1014.0305066636453]",offload_gap_v1,90,3145728000,3145728000,3145728000,"[""/home/molly/workspace-memory-attn/memory-attention/profile/results/optimization/offload-gap-001/A0001/R04-full-validation/B1-J073-baseline-prefill-ma_offload-b8-l8192.json"", ""/home/molly/workspace-memory-attn/memory-attention/profile/results/optimization/offload-gap-001/A0001/R08-prefill-regression/B2-J016-baseline-prefill-ma_offload-b8-l8192.json"", ""/home/molly/workspace-memory-attn/memory-attention/profile/results/optimization/offload-gap-001/A0001/R08-prefill-regression/B3-J033-baseline-prefill-ma_offload-b8-l8192.json""]",reused,65747.38084574215,63590.28242858006,64650.843552857106,95% Student-t interval over 3 independent process means (df=2),ma_offload
8,942a2a52d94cf6dbe6e753f7ac291daf8b0699fb,3000.0,3145728000,3145728000,3145728000,mean of process means; each process mean averages all raw samples,16523542528,16523542528,16523542528,2410.1943359375,20079800320,20079800320,20079800320,28896657408,28896657408,28896657408,28896657408,28896657408,28896657408,12892961450.666666,12893679616,12891836416,12516162218.666666,12516409344,12515885056,candidate,3,12884901888,12884901888,12884901888,1022.2720627881658,1012.9142159904798,1017.5931393893228,8192,formal_v1_w10_n10_r3,prefill,1074528256,1074528256,1074528256,1074528256,1074528256,1074528256,"[""full_validation"", ""full_validation"", ""full_validation""]","[1015.6065933095912, 1017.8196829433242, 1019.3531419150531]",offload_gap_v1,90,3145728000,3145728000,3145728000,"[""/home/molly/workspace-memory-attn/memory-attention/profile/results/optimization/offload-gap-001/A0001/R04-full-validation/B1-J074-candidate-prefill-ma_offload-b8-l8192.json"", ""/home/molly/workspace-memory-attn/memory-attention/profile/results/optimization/offload-gap-001/A0001/R08-prefill-regression/B2-J015-candidate-prefill-ma_offload-b8-l8192.json"", ""/home/molly/workspace-memory-attn/memory-attention/profile/results/optimization/offload-gap-001/A0001/R08-prefill-regression/B3-J034-candidate-prefill-ma_offload-b8-l8192.json""]",reused,64700.4444852376,64108.17862052863,64402.94992488787,95% Student-t interval over 3 independent process means (df=2),ma_offload
8,942a2a52d94cf6dbe6e753f7ac291daf8b0699fb,0,0,0,0,mean of process means; each process mean averages all raw samples,18619908096,18619908096,18619908096,5410.1943359375,22176165888,22176165888,22176165888,28091351040,28091351040,28091351040,28091351040,28091351040,28091351040,12892570965.333334,12893528064,12891566080,5144148650.666667,5144223744,5144018944,candidate,3,12884901888,12884901888,12884901888,1023.6989685085847,1001.1005685292249,1012.3997685189048,8192,formal_v1_w10_n10_r3,prefill,0,0,0,0,0,0,"[""full_validation"", ""full_validation"", ""full_validation""]","[1014.8281168968728, 1007.1524119470268, 1015.2187767128149]",offload_gap_v1,90,3145728000,3145728000,3145728000,"[""/home/molly/workspace-memory-attn/memory-attention/profile/results/optimization/offload-gap-001/A0001/R04-full-validation/B1-J075-candidate-prefill-ma_gpu-b8-l8192.json"", ""/home/molly/workspace-memory-attn/memory-attention/profile/results/optimization/offload-gap-001/A0001/R08-prefill-regression/B2-J014-candidate-prefill-ma_gpu-b8-l8192.json"", ""/home/molly/workspace-memory-attn/memory-attention/profile/results/optimization/offload-gap-001/A0001/R08-prefill-regression/B3-J035-candidate-prefill-ma_gpu-b8-l8192.json""]",reused,65463.95243415229,64018.82000084326,64733.32179429101,95% Student-t interval over 3 independent process means (df=2),ma_gpu
8,62942a0387608fe21baaeb2dce9ef3b0947dde4d,0,0,0,0,mean of process means; each process mean averages all raw samples,18619908096,18619908096,18619908096,5410.1943359375,22176165888,22176165888,22176165888,28091351040,28091351040,28091351040,28091351040,28091351040,28091351040,12892801706.666666,12893605888,12891619328,5144221013.333333,5144338432,5144158208,baseline,3,12884901888,12884901888,12884901888,1035.3388149569241,985.4117333818002,1010.3752741693622,8192,formal_v1_w10_n10_r3,prefill,0,0,0,0,0,0,"[""full_validation"", ""full_validation"", ""full_validation""]","[1016.2924243447682, 998.7722518077741, 1016.0611463555446]",offload_gap_v1,90,3145728000,3145728000,3145728000,"[""/home/molly/workspace-memory-attn/memory-attention/profile/results/optimization/offload-gap-001/A0001/R04-full-validation/B1-J076-baseline-prefill-ma_gpu-b8-l8192.json"", ""/home/molly/workspace-memory-attn/memory-attention/profile/results/optimization/offload-gap-001/A0001/R08-prefill-regression/B2-J013-baseline-prefill-ma_gpu-b8-l8192.json"", ""/home/molly/workspace-memory-attn/memory-attention/profile/results/optimization/offload-gap-001/A0001/R08-prefill-regression/B3-J036-baseline-prefill-ma_gpu-b8-l8192.json""]",reused,66506.21032803139,63299.085336355965,64863.02829795363,95% Student-t interval over 3 independent process means (df=2),ma_gpu
8,62942a0387608fe21baaeb2dce9ef3b0947dde4d,0,0,0,0,mean of process means; each process mean averages all raw samples,18619908096,18619908096,18619908096,5410.1943359375,22176165888,22176165888,22176165888,28091351040,28091351040,28091351040,28091351040,28091351040,28091351040,12891156480,12891156480,12891156480,5143744512,5143744512,5143744512,baseline,1,12884901888,12884901888,12884901888,1027.6098823640496,1021.237323153764,1024.5668484208484,8192,formal_v1_w10_n10_r3,prefill,0,0,0,0,0,0,"[""full_validation""]",[1024.5668484208484],offload_gap_v1,30,3145728000,3145728000,3145728000,"[""/home/molly/workspace-memory-attn/memory-attention/profile/results/optimization/offload-gap-001/A0001/R04-full-validation/B1-J077-baseline-prefill-ma_gpu_unfolded-b8-l8192.json""]",completed,64173.13440681259,63775.17492263925,63964.59157448808,descriptive round-mean range within one process; NOT a confidence interval,ma_gpu_unfolded
8,942a2a52d94cf6dbe6e753f7ac291daf8b0699fb,0,0,0,0,mean of process means; each process mean averages all raw samples,18619908096,18619908096,18619908096,5410.1943359375,22176165888,22176165888,22176165888,28091351040,28091351040,28091351040,28091351040,28091351040,28091351040,12890804224,12890804224,12890804224,5143490560,5143490560,5143490560,candidate,1,12884901888,12884901888,12884901888,1027.84179225564,1021.4396566618234,1024.7482049899797,8192,formal_v1_w10_n10_r3,prefill,0,0,0,0,0,0,"[""full_validation""]",[1024.7482049899797],offload_gap_v1,30,3145728000,3145728000,3145728000,"[""/home/molly/workspace-memory-attn/memory-attention/profile/results/optimization/offload-gap-001/A0001/R04-full-validation/B1-J078-candidate-prefill-ma_gpu_unfolded-b8-l8192.json""]",completed,64160.42256884643,63760.78545724301,63953.27133131288,descriptive round-mean range within one process; NOT a confidence interval,ma_gpu_unfolded
8,942a2a52d94cf6dbe6e753f7ac291daf8b0699fb,0,0,0,0,mean of process means; each process mean averages all raw samples,18620982784,18620982784,18620982784,5410.1943359375,19157636608,19157636608,19157636608,28099739648,28099739648,28099739648,28099739648,28099739648,28099739648,12890583040,12890583040,12890583040,5327892480,5327892480,5327892480,candidate,1,12886474752,12886474752,12886474752,34.8153839353472,34.80125814676285,34.80953085236251,8192,formal_v1_w10_n10_r3,decode,0,0,0,0,0,0,"[""full_validation""]",[34.80953085236251],offload_gap_v1,30,3145728000,3145728000,3145728000,"[""/home/molly/workspace-memory-attn/memory-attention/profile/results/optimization/offload-gap-001/A0001/R04-full-validation/B1-J079-candidate-decode-ma_gpu_unfolded-b8-l8192.json""]",completed,229.8767465895237,229.7834777538615,229.82211492393733,descriptive round-mean range within one process; NOT a confidence interval,ma_gpu_unfolded
8,62942a0387608fe21baaeb2dce9ef3b0947dde4d,0,0,0,0,mean of process means; each process mean averages all raw samples,18620982784,18620982784,18620982784,5410.1943359375,19157636608,19157636608,19157636608,28099739648,28099739648,28099739648,28099739648,28099739648,28099739648,12891074560,12891074560,12891074560,5328285696,5328285696,5328285696,baseline,1,12886474752,12886474752,12886474752,34.81650184839964,34.78835355490446,34.80443634713689,8192,formal_v1_w10_n10_r3,decode,0,0,0,0,0,0,"[""full_validation""]",[34.80443634713689],offload_gap_v1,30,3145728000,3145728000,3145728000,"[""/home/molly/workspace-memory-attn/memory-attention/profile/results/optimization/offload-gap-001/A0001/R04-full-validation/B1-J080-baseline-decode-ma_gpu_unfolded-b8-l8192.json""]",completed,229.96201839141537,229.77609970220846,229.85575517467336,descriptive round-mean range within one process; NOT a confidence interval,ma_gpu_unfolded
8,62942a0387608fe21baaeb2dce9ef3b0947dde4d,0,0,0,0,mean of process means; each process mean averages all raw samples,18620982784,18620982784,18620982784,5410.1943359375,19157636608,19157636608,19157636608,28099739648,28099739648,28099739648,28099739648,28099739648,28099739648,12891275264,12891275264,12891275264,5328429056,5328429056,5328429056,baseline,1,12886474752,12886474752,12886474752,34.65871368534863,34.65437632985413,34.65714695242544,8192,formal_v1_w10_n10_r3,decode,0,0,0,0,0,0,"[""full_validation""]",[34.65714695242544],offload_gap_v1,30,3145728000,3145728000,3145728000,"[""/home/molly/workspace-memory-attn/memory-attention/profile/results/optimization/offload-gap-001/A0001/R04-full-validation/B1-J081-baseline-decode-ma_gpu-b8-l8192.json""]",completed,230.85107415735374,230.8221843611542,230.83261905493143,descriptive round-mean range within one process; NOT a confidence interval,ma_gpu
8,942a2a52d94cf6dbe6e753f7ac291daf8b0699fb,0,0,0,0,mean of process means; each process mean averages all raw samples,18620982784,18620982784,18620982784,5410.1943359375,19157636608,19157636608,19157636608,28099739648,28099739648,28099739648,28099739648,28099739648,28099739648,12891426816,12891426816,12891426816,5328240640,5328240640,5328240640,candidate,1,12886474752,12886474752,12886474752,34.64994356036186,34.63193876668811,34.64281056076288,8192,formal_v1_w10_n10_r3,decode,0,0,0,0,0,0,"[""full_validation""]",[34.64281056076288],offload_gap_v1,30,3145728000,3145728000,3145728000,"[""/home/molly/workspace-memory-attn/memory-attention/profile/results/optimization/offload-gap-001/A0001/R04-full-validation/B1-J082-candidate-decode-ma_gpu-b8-l8192.json""]",completed,231.00063943561452,230.8806069500118,230.92814556625365,descriptive round-mean range within one process; NOT a confidence interval,ma_gpu
8,942a2a52d94cf6dbe6e753f7ac291daf8b0699fb,3000.0,3145728000,3145728000,3145728000,mean of process means; each process mean averages all raw samples,16524617216,16524617216,16524617216,2410.1943359375,17061238272,17061238272,17061238272,28907143168,28907143168,28907143168,28907143168,28907143168,28907143168,12891508736,12891508736,12891508736,12699254784,12699254784,12699254784,candidate,1,12886474752,12886474752,12886474752,34.72867710515857,34.70563651062548,34.71875765050451,8192,formal_v1_w10_n10_r3,decode,1074528256,1074528256,1074528256,1074528256,1074528256,1074528256,"[""full_validation""]",[34.71875765050451],offload_gap_v1,30,3145728000,3145728000,3145728000,"[""/home/molly/workspace-memory-attn/memory-attention/profile/results/optimization/offload-gap-001/A0001/R04-full-validation/B1-J083-candidate-decode-ma_offload-b8-l8192.json""]",completed,230.5101074158579,230.35717645610194,230.4229915290114,descriptive round-mean range within one process; NOT a confidence interval,ma_offload
8,62942a0387608fe21baaeb2dce9ef3b0947dde4d,3000.0,3145728000,3145728000,3145728000,mean of process means; each process mean averages all raw samples,16524617216,16524617216,16524617216,2410.1943359375,17061238272,17061238272,17061238272,28907143168,28907143168,28907143168,28907143168,28907143168,28907143168,12891709440,12891709440,12891709440,12699066368,12699066368,12699066368,baseline,1,12886474752,12886474752,12886474752,34.771956177428365,34.72514390014112,34.75306918844581,8192,formal_v1_w10_n10_r3,decode,1074528256,1074528256,1074528256,1074528256,1074528256,1074528256,"[""full_validation""]",[34.75306918844581],offload_gap_v1,30,3145728000,3145728000,3145728000,"[""/home/molly/workspace-memory-attn/memory-attention/profile/results/optimization/offload-gap-001/A0001/R04-full-validation/B1-J084-baseline-decode-ma_offload-b8-l8192.json""]",completed,230.38061477889192,230.0704613562428,230.19549601851347,descriptive round-mean range within one process; NOT a confidence interval,ma_offload
1,62942a0387608fe21baaeb2dce9ef3b0947dde4d,3000.0,3145728000,3145728000,3145728000,mean of process means; each process mean averages all raw samples,3174337024,3174337024,3174337024,2410.1943359375,3259863040,3259863040,3259863040,6194987008,6194987008,6194987008,6194987008,6194987008,6194987008,12892486314.666666,12893536256,12891566080,11896680448,11897155584,11896410112,baseline,3,427819008,427819008,427819008,670.6964105685838,642.4395188578014,656.5679647131926,2048,generation_v1_w2_n5_r3,generation,201424896,201424896,201424896,201424896,201424896,201424896,"[""generation_validation"", ""generation_validation"", ""generation_validation""]","[650.5476284772158, 661.8505588111778, 657.3057068511844]",offload_gap_v1,45,3145728000,3145728000,3145728000,"[""/home/molly/workspace-memory-attn/memory-attention/profile/results/optimization/offload-gap-001/A0001/R05-generation-validation/B1-J001-baseline-generation-ma_offload-b1-l2048.json"", ""/home/molly/workspace-memory-attn/memory-attention/profile/results/optimization/offload-gap-001/A0001/R07-generation-regression/B2-J008-baseline-generation-ma_offload-b1-l2048.json"", ""/home/molly/workspace-memory-attn/memory-attention/profile/results/optimization/offload-gap-001/A0001/R07-generation-regression/B3-J009-baseline-generation-ma_offload-b1-l2048.json""]",reused,3387.089268525586,3244.388915329505,3314.2037335777386,95% Student-t interval over 3 independent process means (df=2),ma_offload
1,942a2a52d94cf6dbe6e753f7ac291daf8b0699fb,3000.0,3145728000,3145728000,3145728000,mean of process means; each process mean averages all raw samples,3006171648,3006171648,3006171648,2410.1943359375,3092090880,3092090880,3092090880,5993660416,5993660416,5993660416,5993660416,5993660416,5993660416,12892819456,12893597696,12891525120,11662766080,11663036416,11662503936,candidate,3,427819008,427819008,427819008,732.2215131528592,594.8209225362457,663.5212178445524,2048,generation_v1_w2_n5_r3,generation,33652736,33652736,33652736,33652736,33652736,33652736,"[""generation_validation"", ""generation_validation"", ""generation_validation""]","[694.6352302717665, 641.7376267723739, 654.1907964895169]",offload_gap_v1,45,3145728000,3145728000,3145728000,"[""/home/molly/workspace-memory-attn/memory-attention/profile/results/optimization/offload-gap-001/A0001/R05-generation-validation/B1-J002-candidate-generation-ma_offload-b1-l2048.json"", ""/home/molly/workspace-memory-attn/memory-attention/profile/results/optimization/offload-gap-001/A0001/R07-generation-regression/B2-J007-candidate-generation-ma_offload-b1-l2048.json"", ""/home/molly/workspace-memory-attn/memory-attention/profile/results/optimization/offload-gap-001/A0001/R07-generation-regression/B3-J010-candidate-generation-ma_offload-b1-l2048.json""]",reused,3658.2438807327,2971.7782951096337,3279.4731223045624,95% Student-t interval over 3 independent process means (df=2),ma_offload
1,942a2a52d94cf6dbe6e753f7ac291daf8b0699fb,0,0,0,0,mean of process means; each process mean averages all raw samples,6143412736,6143412736,6143412736,5410.1943359375,6229331968,6229331968,6229331968,6673137664,6673137664,6673137664,6673137664,6673137664,6673137664,12892575061.333334,12893315072,12891516928,5332748970.666667,5332799488,5332688896,candidate,3,427819008,427819008,427819008,597.7701751387358,587.5815882785876,592.6758817086617,2048,generation_v1_w2_n5_r3,generation,0,0,0,0,0,0,"[""generation_validation"", ""generation_validation"", ""generation_validation""]","[590.62256552279, 594.7240138426423, 592.6810657605529]",offload_gap_v1,45,3145728000,3145728000,3145728000,"[""/home/molly/workspace-memory-attn/memory-attention/profile/results/optimization/offload-gap-001/A0001/R05-generation-validation/B1-J003-candidate-generation-ma_gpu-b1-l2048.json"", ""/home/molly/workspace-memory-attn/memory-attention/profile/results/optimization/offload-gap-001/A0001/R07-generation-regression/B2-J006-candidate-generation-ma_gpu-b1-l2048.json"", ""/home/molly/workspace-memory-attn/memory-attention/profile/results/optimization/offload-gap-001/A0001/R07-generation-regression/B3-J011-candidate-generation-ma_gpu-b1-l2048.json""]",reused,3703.315494236185,3640.1949955013642,3671.4839715202784,95% Student-t interval over 3 independent process means (df=2),ma_gpu
1,62942a0387608fe21baaeb2dce9ef3b0947dde4d,0,0,0,0,mean of process means; each process mean averages all raw samples,6143412736,6143412736,6143412736,5410.1943359375,6229331968,6229331968,6229331968,6673137664,6673137664,6673137664,6673137664,6673137664,6673137664,12892702037.333334,12893716480,12891791360,5332914176,5333024768,5332770816,baseline,3,427819008,427819008,427819008,618.6624225944088,572.5695045570726,595.6159635757407,2048,generation_v1_w2_n5_r3,generation,0,0,0,0,0,0,"[""generation_validation"", ""generation_validation"", ""generation_validation""]","[586.1452447560927, 596.0154079211255, 604.6872380500039]",offload_gap_v1,45,3145728000,3145728000,3145728000,"[""/home/molly/workspace-memory-attn/memory-attention/profile/results/optimization/offload-gap-001/A0001/R05-generation-validation/B1-J004-baseline-generation-ma_gpu-b1-l2048.json"", ""/home/molly/workspace-memory-attn/memory-attention/profile/results/optimization/offload-gap-001/A0001/R07-generation-regression/B2-J005-baseline-generation-ma_gpu-b1-l2048.json"", ""/home/molly/workspace-memory-attn/memory-attention/profile/results/optimization/offload-gap-001/A0001/R07-generation-regression/B3-J012-baseline-generation-ma_gpu-b1-l2048.json""]",reused,3800.4119721383113,3517.2655078593193,3653.36077786856,95% Student-t interval over 3 independent process means (df=2),ma_gpu
1,62942a0387608fe21baaeb2dce9ef3b0947dde4d,0,0,0,0,mean of process means; each process mean averages all raw samples,6143412736,6143412736,6143412736,5410.1943359375,6229331968,6229331968,6229331968,6568280064,6568280064,6568280064,6568280064,6568280064,6568280064,12890701824,12890701824,12890701824,5332484096,5332484096,5332484096,baseline,1,427819008,427819008,427819008,691.8506847694516,690.3305036947131,690.8396158056954,2048,generation_v1_w2_n5_r3,generation,0,0,0,0,0,0,"[""generation_validation""]",[690.8396158056954],offload_gap_v1,15,3145728000,3145728000,3145728000,"[""/home/molly/workspace-memory-attn/memory-attention/profile/results/optimization/offload-gap-001/A0001/R05-generation-validation/B1-J005-baseline-generation-ma_gpu_unfolded-b1-l2048.json""]",completed,3152.113354913111,3145.1873184531396,3149.7904147581753,descriptive round-mean range within one process; NOT a confidence interval,ma_gpu_unfolded
1,942a2a52d94cf6dbe6e753f7ac291daf8b0699fb,0,0,0,0,mean of process means; each process mean averages all raw samples,6143412736,6143412736,6143412736,5410.1943359375,6229331968,6229331968,6229331968,6568280064,6568280064,6568280064,6568280064,6568280064,6568280064,12890923008,12890923008,12890923008,5332844544,5332844544,5332844544,candidate,1,427819008,427819008,427819008,695.3893810510635,693.8809265382588,694.6160373277962,2048,generation_v1_w2_n5_r3,generation,0,0,0,0,0,0,"[""generation_validation""]",[694.6160373277962],offload_gap_v1,15,3145728000,3145728000,3145728000,"[""/home/molly/workspace-memory-attn/memory-attention/profile/results/optimization/offload-gap-001/A0001/R05-generation-validation/B1-J006-candidate-generation-ma_gpu_unfolded-b1-l2048.json""]",completed,3135.9847443220087,3129.1820946575726,3132.665937819578,descriptive round-mean range within one process; NOT a confidence interval,ma_gpu_unfolded
8,942a2a52d94cf6dbe6e753f7ac291daf8b0699fb,0,0,0,0,mean of process means; each process mean averages all raw samples,9138715648,9138715648,9138715648,5410.1943359375,9826069504,9826069504,9826069504,11446255616,11446255616,11446255616,11446255616,11446255616,11446255616,12892258304,12892258304,12892258304,5339684864,5339684864,5339684864,candidate,1,3422552064,3422552064,3422552064,1357.071711216122,1355.9223256073892,1356.4840017817914,2048,generation_v1_w2_n5_r3,generation,0,0,0,0,0,0,"[""generation_validation""]",[1356.4840017817914],offload_gap_v1,15,3145728000,3145728000,3145728000,"[""/home/molly/workspace-memory-attn/memory-attention/profile/results/optimization/offload-gap-001/A0001/R05-generation-validation/B1-J007-candidate-generation-ma_gpu_unfolded-b8-l2048.json""]",completed,12838.493526686374,12827.619834769122,12833.1775215439,descriptive round-mean range within one process; NOT a confidence interval,ma_gpu_unfolded
8,62942a0387608fe21baaeb2dce9ef3b0947dde4d,0,0,0,0,mean of process means; each process mean averages all raw samples,9138715648,9138715648,9138715648,5410.1943359375,9826069504,9826069504,9826069504,11446255616,11446255616,11446255616,11446255616,11446255616,11446255616,12890849280,12890849280,12890849280,5339447296,5339447296,5339447296,baseline,1,3422552064,3422552064,3422552064,1358.2975351251662,1356.7151210270822,1357.4237395388384,2048,generation_v1_w2_n5_r3,generation,0,0,0,0,0,0,"[""generation_validation""]",[1357.4237395388384],offload_gap_v1,15,3145728000,3145728000,3145728000,"[""/home/molly/workspace-memory-attn/memory-attention/profile/results/optimization/offload-gap-001/A0001/R05-generation-validation/B1-J008-baseline-generation-ma_gpu_unfolded-b8-l2048.json""]",completed,12830.99136303686,12816.04328200144,12824.293176067535,descriptive round-mean range within one process; NOT a confidence interval,ma_gpu_unfolded
8,62942a0387608fe21baaeb2dce9ef3b0947dde4d,0,0,0,0,mean of process means; each process mean averages all raw samples,9138715648,9138715648,9138715648,5410.1943359375,9826069504,9826069504,9826069504,11446255616,11446255616,11446255616,11446255616,11446255616,11446255616,12891054080,12891054080,12891054080,5339430912,5339430912,5339430912,baseline,1,3422552064,3422552064,3422552064,1351.0885280556977,1349.551516585052,1350.3569860632222,2048,generation_v1_w2_n5_r3,generation,0,0,0,0,0,0,"[""generation_validation""]",[1350.3569860632222],offload_gap_v1,15,3145728000,3145728000,3145728000,"[""/home/molly/workspace-memory-attn/memory-attention/profile/results/optimization/offload-gap-001/A0001/R05-generation-validation/B1-J009-baseline-generation-ma_gpu-b8-l2048.json""]",completed,12899.100024021132,12884.425882181991,12891.405887231791,descriptive round-mean range within one process; NOT a confidence interval,ma_gpu
8,942a2a52d94cf6dbe6e753f7ac291daf8b0699fb,0,0,0,0,mean of process means; each process mean averages all raw samples,9138715648,9138715648,9138715648,5410.1943359375,9826069504,9826069504,9826069504,11446255616,11446255616,11446255616,11446255616,11446255616,11446255616,12891574272,12891574272,12891574272,5339463680,5339463680,5339463680,candidate,1,3422552064,3422552064,3422552064,1351.3087512925267,1349.9834217131138,1350.7775877602398,2048,generation_v1_w2_n5_r3,generation,0,0,0,0,0,0,"[""generation_validation""]",[1350.7775877602398],offload_gap_v1,15,3145728000,3145728000,3145728000,"[""/home/molly/workspace-memory-attn/memory-attention/profile/results/optimization/offload-gap-001/A0001/R05-generation-validation/B1-J010-candidate-generation-ma_gpu-b8-l2048.json""]",completed,12894.973167825605,12882.326103008842,12887.391793984876,descriptive round-mean range within one process; NOT a confidence interval,ma_gpu
8,942a2a52d94cf6dbe6e753f7ac291daf8b0699fb,3000.0,3145728000,3145728000,3145728000,mean of process means; each process mean averages all raw samples,6237043712,6237043712,6237043712,2410.1943359375,6924397568,6924397568,6924397568,9686745088,9686745088,9686745088,9686745088,9686745088,9686745088,12891082752,12891082752,12891082752,11904626688,11904626688,11904626688,candidate,1,3422552064,3422552064,3422552064,1378.1559133902192,1374.9363620765507,1376.5554941880207,2048,generation_v1_w2_n5_r3,generation,269221888,269221888,269221888,269221888,269221888,269221888,"[""generation_validation""]",[1376.5554941880207],offload_gap_v1,15,3145728000,3145728000,3145728000,"[""/home/molly/workspace-memory-attn/memory-attention/profile/results/optimization/offload-gap-001/A0001/R05-generation-validation/B1-J011-candidate-generation-ma_offload-b8-l2048.json""]",completed,12660.949612030696,12631.371988367326,12646.057549803567,descriptive round-mean range within one process; NOT a confidence interval,ma_offload
8,62942a0387608fe21baaeb2dce9ef3b0947dde4d,3000.0,3145728000,3145728000,3145728000,mean of process means; each process mean averages all raw samples,6237043712,6237043712,6237043712,2410.1943359375,6924397568,6924397568,6924397568,9686745088,9686745088,9686745088,9686745088,9686745088,9686745088,12890886144,12890886144,12890886144,11904884736,11904884736,11904884736,baseline,1,3422552064,3422552064,3422552064,1378.2156112603843,1372.9182986542583,1375.9446151554585,2048,generation_v1_w2_n5_r3,generation,269221888,269221888,269221888,269221888,269221888,269221888,"[""generation_validation""]",[1375.9446151554585],offload_gap_v1,15,3145728000,3145728000,3145728000,"[""/home/molly/workspace-memory-attn/memory-attention/profile/results/optimization/offload-gap-001/A0001/R05-generation-validation/B1-J012-baseline-generation-ma_offload-b8-l2048.json""]",completed,12679.560041601466,12630.824856264911,12651.672028261974,descriptive round-mean range within one process; NOT a confidence interval,ma_offload
