batch,candidate_sha,cpu_parameter_mib,cpu_table_bytes,cpu_table_bytes_max,cpu_table_bytes_min,estimator,gpu_allocated_bytes,gpu_allocated_bytes_max,gpu_allocated_bytes_min,gpu_parameter_mib,gpu_peak_allocated_bytes,gpu_peak_allocated_bytes_max,gpu_peak_allocated_bytes_min,gpu_peak_reserved_bytes,gpu_peak_reserved_bytes_max,gpu_peak_reserved_bytes_min,gpu_reserved_bytes,gpu_reserved_bytes_max,gpu_reserved_bytes_min,host_process_high_water_bytes,host_process_high_water_bytes_max,host_process_high_water_bytes_min,host_rss_bytes,host_rss_bytes_max,host_rss_bytes_min,implementation,independent_processes,kv_cache_storage_bytes,kv_cache_storage_bytes_max,kv_cache_storage_bytes_min,latency_high_ms,latency_low_ms,latency_ms,length,measurement_plan_id,mode,offload_gpu_buffer_bytes,offload_gpu_buffer_bytes_max,offload_gpu_buffer_bytes_min,offload_pinned_bytes,offload_pinned_bytes_max,offload_pinned_bytes_min,original_stages,process_mean_ms,protocol_version,raw_sample_count,raw_table_snapshot_bytes,raw_table_snapshot_bytes_max,raw_table_snapshot_bytes_min,source_results,status,throughput_high,throughput_low,tokens_per_second,uncertainty_kind,variant
1,62942a0387608fe21baaeb2dce9ef3b0947dde4d,3000.0,3145728000,3145728000,3145728000,mean of process means; each process mean averages all raw samples,3148360192,3148360192,3148360192,2410.1943359375,3259445248,3259445248,3259445248,6192889856,6192889856,6192889856,6192889856,6192889856,6192889856,12891713536,12891914240,12891328512,11710384810.666666,11710525440,11710226432,baseline,3,402653184,402653184,402653184,44.81195582176616,42.27267927700906,43.54231754938761,2048,formal_v1_w10_n10_r3,prefill,201424896,201424896,201424896,201424896,201424896,201424896,"[""confirmation"", ""confirmation"", ""confirmation""]","[43.070820377518736, 43.470675234372415, 44.08545703627169]",offload_gap_v1,90,3145728000,3145728000,3145728000,"[""/home/molly/workspace-memory-attn/memory-attention/profile/results/optimization/offload-gap-001/A0016/R03-baseline-confirmation/B1-J001-baseline-prefill-ma_offload-b1-l2048.json"", ""/home/molly/workspace-memory-attn/memory-attention/profile/results/optimization/offload-gap-001/A0016/R03-baseline-confirmation/B2-J032-baseline-prefill-ma_offload-b1-l2048.json"", ""/home/molly/workspace-memory-attn/memory-attention/profile/results/optimization/offload-gap-001/A0016/R03-baseline-confirmation/B3-J033-baseline-prefill-ma_offload-b1-l2048.json""]",reused,48447.36683425341,45702.08915106626,47034.70360017168,95% Student-t interval over 3 independent process means (df=2),ma_offload
1,0ce6645eb4c4bc3992258ad0878c72ea3c37a64e,3000.0,3145728000,3145728000,3145728000,mean of process means; each process mean averages all raw samples,2955422208,2955422208,2955422208,2410.1943359375,3066507264,3066507264,3066507264,5991563264,5991563264,5991563264,5991563264,5991563264,5991563264,12891810474.666666,12892164096,12891447296,11451241813.333334,11451396096,11451146240,candidate,3,402653184,402653184,402653184,30.383158910496125,28.659203575412672,29.5211812429544,2048,formal_v1_w10_n10_r3,prefill,8486912,8486912,8486912,8486912,8486912,8486912,"[""confirmation"", ""confirmation"", ""confirmation""]","[29.28521642461419, 29.35872757807374, 29.919599726175267]",offload_gap_v1,90,3145728000,3145728000,3145728000,"[""/home/molly/workspace-memory-attn/memory-attention/profile/results/optimization/offload-gap-001/A0016/R03-baseline-confirmation/B1-J002-candidate-prefill-ma_offload-b1-l2048.json"", ""/home/molly/workspace-memory-attn/memory-attention/profile/results/optimization/offload-gap-001/A0016/R03-baseline-confirmation/B2-J031-candidate-prefill-ma_offload-b1-l2048.json"", ""/home/molly/workspace-memory-attn/memory-attention/profile/results/optimization/offload-gap-001/A0016/R03-baseline-confirmation/B3-J034-candidate-prefill-ma_offload-b1-l2048.json""]",reused,71460.46451050098,67405.76271325431,69373.91776925529,95% Student-t interval over 3 independent process means (df=2),ma_offload
1,0ce6645eb4c4bc3992258ad0878c72ea3c37a64e,0,0,0,0,mean of process means; each process mean averages all raw samples,6117829120,6117829120,6117829120,5410.1943359375,6228914176,6228914176,6228914176,6568280064,6568280064,6568280064,6568280064,6568280064,6568280064,12891308032,12891713536,12890968064,5146349568,5146591232,5146165248,candidate,3,402653184,402653184,402653184,29.200164761820925,28.91579680640218,29.057980784111553,2048,formal_v1_w10_n10_r3,prefill,0,0,0,0,0,0,"[""confirmation"", ""confirmation"", ""confirmation""]","[29.027653578668833, 29.123999488850433, 29.02228928481539]",offload_gap_v1,90,3145728000,3145728000,3145728000,"[""/home/molly/workspace-memory-attn/memory-attention/profile/results/optimization/offload-gap-001/A0016/R03-baseline-confirmation/B1-J003-candidate-prefill-ma_gpu-b1-l2048.json"", ""/home/molly/workspace-memory-attn/memory-attention/profile/results/optimization/offload-gap-001/A0016/R03-baseline-confirmation/B2-J030-candidate-prefill-ma_gpu-b1-l2048.json"", ""/home/molly/workspace-memory-attn/memory-attention/profile/results/optimization/offload-gap-001/A0016/R03-baseline-confirmation/B3-J035-candidate-prefill-ma_gpu-b1-l2048.json""]",reused,70826.33806399404,70136.59055368585,70479.7768026543,95% Student-t interval over 3 independent process means (df=2),ma_gpu
1,62942a0387608fe21baaeb2dce9ef3b0947dde4d,0,0,0,0,mean of process means; each process mean averages all raw samples,6117829120,6117829120,6117829120,5410.1943359375,6228914176,6228914176,6228914176,6568280064,6568280064,6568280064,6568280064,6568280064,6568280064,12890821973.333334,12891115520,12890275840,5146303146.666667,5146443776,5146198016,baseline,3,402653184,402653184,402653184,29.225905393471365,28.901513998382576,29.06370969592697,2048,formal_v1_w10_n10_r3,prefill,0,0,0,0,0,0,"[""confirmation"", ""confirmation"", ""confirmation""]","[29.01243264786899, 29.137213823075097, 29.041482616836827]",offload_gap_v1,90,3145728000,3145728000,3145728000,"[""/home/molly/workspace-memory-attn/memory-attention/profile/results/optimization/offload-gap-001/A0016/R03-baseline-confirmation/B1-J004-baseline-prefill-ma_gpu-b1-l2048.json"", ""/home/molly/workspace-memory-attn/memory-attention/profile/results/optimization/offload-gap-001/A0016/R03-baseline-confirmation/B2-J029-baseline-prefill-ma_gpu-b1-l2048.json"", ""/home/molly/workspace-memory-attn/memory-attention/profile/results/optimization/offload-gap-001/A0016/R03-baseline-confirmation/B3-J036-baseline-prefill-ma_gpu-b1-l2048.json""]",reused,70861.33965558388,70074.81795439922,70465.8841361538,95% Student-t interval over 3 independent process means (df=2),ma_gpu
1,62942a0387608fe21baaeb2dce9ef3b0947dde4d,0,0,0,0,mean of process means; each process mean averages all raw samples,6117829120,6117829120,6117829120,5410.1943359375,6228914176,6228914176,6228914176,6566182912,6566182912,6566182912,6566182912,6566182912,6566182912,12891410432,12891410432,12891410432,5145870336,5145870336,5145870336,baseline,1,402653184,402653184,402653184,29.265823028981686,29.119915887713432,29.216148362805445,2048,formal_v1_w10_n10_r3,prefill,0,0,0,0,0,0,"[""full_validation""]",[29.216148362805445],offload_gap_v1,30,3145728000,3145728000,3145728000,"[""/home/molly/workspace-memory-attn/memory-attention/profile/results/optimization/offload-gap-001/A0016/R04-full-validation/B1-J005-baseline-prefill-ma_gpu_unfolded-b1-l2048.json""]",completed,70329.87347549698,69979.23817047222,70098.22015441542,descriptive round-mean range within one process; NOT a confidence interval,ma_gpu_unfolded
1,0ce6645eb4c4bc3992258ad0878c72ea3c37a64e,0,0,0,0,mean of process means; each process mean averages all raw samples,6117829120,6117829120,6117829120,5410.1943359375,6228914176,6228914176,6228914176,6566182912,6566182912,6566182912,6566182912,6566182912,6566182912,12891652096,12891652096,12891652096,5146079232,5146079232,5146079232,candidate,1,402653184,402653184,402653184,29.28214673884213,29.161029821261764,29.23243047359089,2048,formal_v1_w10_n10_r3,prefill,0,0,0,0,0,0,"[""full_validation""]",[29.23243047359089],offload_gap_v1,30,3145728000,3145728000,3145728000,"[""/home/molly/workspace-memory-attn/memory-attention/profile/results/optimization/offload-gap-001/A0016/R04-full-validation/B1-J006-candidate-prefill-ma_gpu_unfolded-b1-l2048.json""]",completed,70230.7158750193,69940.22734280518,70059.17629224161,descriptive round-mean range within one process; NOT a confidence interval,ma_gpu_unfolded
1,0ce6645eb4c4bc3992258ad0878c72ea3c37a64e,0,0,0,0,mean of process means; each process mean averages all raw samples,6118034432,6118034432,6118034432,5410.1943359375,6134784512,6134784512,6134784512,6543114240,6543114240,6543114240,6543114240,6543114240,6543114240,12891119616,12891119616,12891119616,5321543680,5321543680,5321543680,candidate,1,402849792,402849792,402849792,5.592345958575606,5.4846718441694975,5.5221332392344875,2048,formal_v1_w10_n10_r3,decode,0,0,0,0,0,0,"[""full_validation""]",[5.5221332392344875],offload_gap_v1,30,3145728000,3145728000,3145728000,"[""/home/molly/workspace-memory-attn/memory-attention/profile/results/optimization/offload-gap-001/A0016/R04-full-validation/B1-J007-candidate-decode-ma_gpu_unfolded-b1-l2048.json""]",completed,182.32631384556836,178.8158328199538,181.08943712097505,descriptive round-mean range within one process; NOT a confidence interval,ma_gpu_unfolded
1,62942a0387608fe21baaeb2dce9ef3b0947dde4d,0,0,0,0,mean of process means; each process mean averages all raw samples,6118034432,6118034432,6118034432,5410.1943359375,6134784512,6134784512,6134784512,6543114240,6543114240,6543114240,6543114240,6543114240,6543114240,12891742208,12891742208,12891742208,5321281536,5321281536,5321281536,baseline,1,402849792,402849792,402849792,5.482808221131563,5.47900996170938,5.4804173453400535,2048,formal_v1_w10_n10_r3,decode,0,0,0,0,0,0,"[""full_validation""]",[5.4804173453400535],offload_gap_v1,30,3145728000,3145728000,3145728000,"[""/home/molly/workspace-memory-attn/memory-attention/profile/results/optimization/offload-gap-001/A0016/R04-full-validation/B1-J008-baseline-decode-ma_gpu_unfolded-b1-l2048.json""]",completed,182.51472565091174,182.38828710912236,182.46785545452855,descriptive round-mean range within one process; NOT a confidence interval,ma_gpu_unfolded
1,62942a0387608fe21baaeb2dce9ef3b0947dde4d,0,0,0,0,mean of process means; each process mean averages all raw samples,6118034432,6118034432,6118034432,5410.1943359375,6134784512,6134784512,6134784512,6650068992,6650068992,6650068992,6650068992,6650068992,6650068992,12891049984,12891127808,12890959872,5321312938.666667,5321355264,5321265152,baseline,3,402849792,402849792,402849792,4.723668886103778,4.427134730787526,4.575401808445652,2048,formal_v1_w10_n10_r3,decode,0,0,0,0,0,0,"[""confirmation"", ""confirmation"", ""confirmation""]","[4.560935124754906, 4.640990945821007, 4.5242793547610445]",offload_gap_v1,90,3145728000,3145728000,3145728000,"[""/home/molly/workspace-memory-attn/memory-attention/profile/results/optimization/offload-gap-001/A0016/R03-baseline-confirmation/B1-J005-baseline-decode-ma_gpu-b1-l2048.json"", ""/home/molly/workspace-memory-attn/memory-attention/profile/results/optimization/offload-gap-001/A0016/R03-baseline-confirmation/B2-J028-baseline-decode-ma_gpu-b1-l2048.json"", ""/home/molly/workspace-memory-attn/memory-attention/profile/results/optimization/offload-gap-001/A0016/R03-baseline-confirmation/B3-J037-baseline-decode-ma_gpu-b1-l2048.json""]",reused,225.87973052767558,211.69985113516913,218.56003950387876,95% Student-t interval over 3 independent process means (df=2),ma_gpu
1,0ce6645eb4c4bc3992258ad0878c72ea3c37a64e,0,0,0,0,mean of process means; each process mean averages all raw samples,6118034432,6118034432,6118034432,5410.1943359375,6134784512,6134784512,6134784512,6650068992,6650068992,6650068992,6650068992,6650068992,6650068992,12890925738.666666,12891283456,12890292224,5321401685.333333,5321539584,5321220096,candidate,3,402849792,402849792,402849792,4.863329261005976,4.3865239886332965,4.624926624819636,2048,formal_v1_w10_n10_r3,decode,0,0,0,0,0,0,"[""confirmation"", ""confirmation"", ""confirmation""]","[4.732533466691772, 4.594053793698549, 4.548192614068587]",offload_gap_v1,90,3145728000,3145728000,3145728000,"[""/home/molly/workspace-memory-attn/memory-attention/profile/results/optimization/offload-gap-001/A0016/R03-baseline-confirmation/B1-J006-candidate-decode-ma_gpu-b1-l2048.json"", ""/home/molly/workspace-memory-attn/memory-attention/profile/results/optimization/offload-gap-001/A0016/R03-baseline-confirmation/B2-J027-candidate-decode-ma_gpu-b1-l2048.json"", ""/home/molly/workspace-memory-attn/memory-attention/profile/results/optimization/offload-gap-001/A0016/R03-baseline-confirmation/B3-J038-candidate-decode-ma_gpu-b1-l2048.json""]",reused,227.97094067906116,205.6204600453375,216.21964652012142,95% Student-t interval over 3 independent process means (df=2),ma_gpu
1,0ce6645eb4c4bc3992258ad0878c72ea3c37a64e,3000.0,3145728000,3145728000,3145728000,mean of process means; each process mean averages all raw samples,2955627520,2955627520,2955627520,2410.1943359375,2972373504,2972373504,2972373504,5991563264,5991563264,5991563264,5991563264,5991563264,5991563264,12891138730.666666,12891164672,12891123712,11626520576,11626672128,11626422272,candidate,3,402849792,402849792,402849792,5.79458994287707,4.234064145699565,5.014327044288318,2048,formal_v1_w10_n10_r3,decode,8486912,8486912,8486912,8486912,8486912,8486912,"[""confirmation"", ""confirmation"", ""confirmation""]","[4.890293410668771, 4.781183988476793, 5.371503733719389]",offload_gap_v1,90,3145728000,3145728000,3145728000,"[""/home/molly/workspace-memory-attn/memory-attention/profile/results/optimization/offload-gap-001/A0016/R03-baseline-confirmation/B1-J007-candidate-decode-ma_offload-b1-l2048.json"", ""/home/molly/workspace-memory-attn/memory-attention/profile/results/optimization/offload-gap-001/A0016/R03-baseline-confirmation/B2-J026-candidate-decode-ma_offload-b1-l2048.json"", ""/home/molly/workspace-memory-attn/memory-attention/profile/results/optimization/offload-gap-001/A0016/R03-baseline-confirmation/B3-J039-candidate-decode-ma_offload-b1-l2048.json""]",reused,236.17970006800095,172.57476540324274,199.42855565016896,95% Student-t interval over 3 independent process means (df=2),ma_offload
1,62942a0387608fe21baaeb2dce9ef3b0947dde4d,3000.0,3145728000,3145728000,3145728000,mean of process means; each process mean averages all raw samples,3148565504,3148565504,3148565504,2410.1943359375,3165311488,3165311488,3165311488,6192889856,6192889856,6192889856,6192889856,6192889856,6192889856,12891250688,12891885568,12890836992,11885468330.666666,11885518848,11885424640,baseline,3,402849792,402849792,402849792,5.213960954920513,4.606375189910933,4.910168072415723,2048,formal_v1_w10_n10_r3,decode,201424896,201424896,201424896,201424896,201424896,201424896,"[""confirmation"", ""confirmation"", ""confirmation""]","[4.952723175908129, 4.772282640139262, 5.005498401199778]",offload_gap_v1,90,3145728000,3145728000,3145728000,"[""/home/molly/workspace-memory-attn/memory-attention/profile/results/optimization/offload-gap-001/A0016/R03-baseline-confirmation/B1-J008-baseline-decode-ma_offload-b1-l2048.json"", ""/home/molly/workspace-memory-attn/memory-attention/profile/results/optimization/offload-gap-001/A0016/R03-baseline-confirmation/B2-J025-baseline-decode-ma_offload-b1-l2048.json"", ""/home/molly/workspace-memory-attn/memory-attention/profile/results/optimization/offload-gap-001/A0016/R03-baseline-confirmation/B3-J040-baseline-decode-ma_offload-b1-l2048.json""]",reused,217.0904363566042,191.7927672734644,203.659016402674,95% Student-t interval over 3 independent process means (df=2),ma_offload
4,62942a0387608fe21baaeb2dce9ef3b0947dde4d,3000.0,3145728000,3145728000,3145728000,mean of process means; each process mean averages all raw samples,4289746944,4289746944,4289746944,2410.1943359375,4734087168,4734087168,4734087168,5993660416,5993660416,5993660416,5993660416,5993660416,5993660416,12890914816,12891066368,12890644480,11574954666.666666,11575148544,11574767616,baseline,3,1610612736,1610612736,1610612736,111.94788159423189,108.37999178889939,110.16393669156564,2048,formal_v1_w10_n10_r3,prefill,134610944,134610944,134610944,134610944,134610944,134610944,"[""full_validation"", ""full_validation"", ""full_validation""]","[109.35130671908458, 110.4272778922071, 110.71322546340525]",offload_gap_v1,90,3145728000,3145728000,3145728000,"[""/home/molly/workspace-memory-attn/memory-attention/profile/results/optimization/offload-gap-001/A0016/R04-full-validation/B1-J013-baseline-prefill-ma_offload-b4-l2048.json"", ""/home/molly/workspace-memory-attn/memory-attention/profile/results/optimization/offload-gap-001/A0016/R07-regression/B2-J052-baseline-prefill-ma_offload-b4-l2048.json"", ""/home/molly/workspace-memory-attn/memory-attention/profile/results/optimization/offload-gap-001/A0016/R07-regression/B3-J077-baseline-prefill-ma_offload-b4-l2048.json""]",reused,75585.90718438354,73176.90949876887,74361.90323277721,95% Student-t interval over 3 independent process means (df=2),ma_offload
4,0ce6645eb4c4bc3992258ad0878c72ea3c37a64e,3000.0,3145728000,3145728000,3145728000,mean of process means; each process mean averages all raw samples,4289746944,4289746944,4289746944,2410.1943359375,4734087168,4734087168,4734087168,5993660416,5993660416,5993660416,5993660416,5993660416,5993660416,12891531946.666666,12891742208,12891287552,11575225002.666666,11575324672,11575095296,candidate,3,1610612736,1610612736,1610612736,113.08863813569015,106.01230577571657,109.55047195570336,2048,formal_v1_w10_n10_r3,prefill,134610944,134610944,134610944,134610944,134610944,134610944,"[""full_validation"", ""full_validation"", ""full_validation""]","[109.23200439040859, 108.31236024387181, 111.10705123282969]",offload_gap_v1,90,3145728000,3145728000,3145728000,"[""/home/molly/workspace-memory-attn/memory-attention/profile/results/optimization/offload-gap-001/A0016/R04-full-validation/B1-J014-candidate-prefill-ma_offload-b4-l2048.json"", ""/home/molly/workspace-memory-attn/memory-attention/profile/results/optimization/offload-gap-001/A0016/R07-regression/B2-J051-candidate-prefill-ma_offload-b4-l2048.json"", ""/home/molly/workspace-memory-attn/memory-attention/profile/results/optimization/offload-gap-001/A0016/R07-regression/B3-J078-candidate-prefill-ma_offload-b4-l2048.json""]",reused,77274.04795186031,72438.75366304062,74778.31773570477,95% Student-t interval over 3 independent process means (df=2),ma_offload
4,0ce6645eb4c4bc3992258ad0878c72ea3c37a64e,0,0,0,0,mean of process means; each process mean averages all raw samples,7326029824,7326029824,7326029824,5410.1943359375,7770370048,7770370048,7770370048,8650752000,8650752000,8650752000,8650752000,8650752000,8650752000,12891021312,12891168768,12890812416,5144085845.333333,5144334336,5143834624,candidate,3,1610612736,1610612736,1610612736,107.14103302982595,104.72872827655264,105.9348806531893,2048,formal_v1_w10_n10_r3,prefill,0,0,0,0,0,0,"[""full_validation"", ""full_validation"", ""full_validation""]","[106.49325726553798, 105.69942315729956, 105.61196153673033]",offload_gap_v1,90,3145728000,3145728000,3145728000,"[""/home/molly/workspace-memory-attn/memory-attention/profile/results/optimization/offload-gap-001/A0016/R04-full-validation/B1-J015-candidate-prefill-ma_gpu-b4-l2048.json"", ""/home/molly/workspace-memory-attn/memory-attention/profile/results/optimization/offload-gap-001/A0016/R07-regression/B2-J050-candidate-prefill-ma_gpu-b4-l2048.json"", ""/home/molly/workspace-memory-attn/memory-attention/profile/results/optimization/offload-gap-001/A0016/R07-regression/B3-J079-candidate-prefill-ma_gpu-b4-l2048.json""]",reused,78221.13506780812,76459.96840183077,77330.52559731534,95% Student-t interval over 3 independent process means (df=2),ma_gpu
4,62942a0387608fe21baaeb2dce9ef3b0947dde4d,0,0,0,0,mean of process means; each process mean averages all raw samples,7326029824,7326029824,7326029824,5410.1943359375,7770370048,7770370048,7770370048,8650752000,8650752000,8650752000,8650752000,8650752000,8650752000,12891256149.333334,12891664384,12890898432,5144162304,5144334336,5144035328,baseline,3,1610612736,1610612736,1610612736,105.90566789064471,105.47619905782742,105.69093347423606,2048,formal_v1_w10_n10_r3,prefill,0,0,0,0,0,0,"[""full_validation"", ""full_validation"", ""full_validation""]","[105.7696311113735, 105.70475674855213, 105.59841256278257]",offload_gap_v1,90,3145728000,3145728000,3145728000,"[""/home/molly/workspace-memory-attn/memory-attention/profile/results/optimization/offload-gap-001/A0016/R04-full-validation/B1-J016-baseline-prefill-ma_gpu-b4-l2048.json"", ""/home/molly/workspace-memory-attn/memory-attention/profile/results/optimization/offload-gap-001/A0016/R07-regression/B2-J049-baseline-prefill-ma_gpu-b4-l2048.json"", ""/home/molly/workspace-memory-attn/memory-attention/profile/results/optimization/offload-gap-001/A0016/R07-regression/B3-J080-baseline-prefill-ma_gpu-b4-l2048.json""]",reused,77666.8108367152,77351.85626192202,77509.01359951502,95% Student-t interval over 3 independent process means (df=2),ma_gpu
4,62942a0387608fe21baaeb2dce9ef3b0947dde4d,0,0,0,0,mean of process means; each process mean averages all raw samples,7326029824,7326029824,7326029824,5410.1943359375,7770370048,7770370048,7770370048,8650752000,8650752000,8650752000,8650752000,8650752000,8650752000,12891324416,12891324416,12891324416,5143465984,5143465984,5143465984,baseline,1,1610612736,1610612736,1610612736,105.7349861599505,105.70679302327335,105.71851076868673,2048,formal_v1_w10_n10_r3,prefill,0,0,0,0,0,0,"[""full_validation""]",[105.71851076868673],offload_gap_v1,30,3145728000,3145728000,3145728000,"[""/home/molly/workspace-memory-attn/memory-attention/profile/results/optimization/offload-gap-001/A0016/R04-full-validation/B1-J017-baseline-prefill-ma_gpu_unfolded-b4-l2048.json""]",completed,77497.38465905758,77476.72078575354,77488.7949180838,descriptive round-mean range within one process; NOT a confidence interval,ma_gpu_unfolded
4,0ce6645eb4c4bc3992258ad0878c72ea3c37a64e,0,0,0,0,mean of process means; each process mean averages all raw samples,7326029824,7326029824,7326029824,5410.1943359375,7770370048,7770370048,7770370048,8650752000,8650752000,8650752000,8650752000,8650752000,8650752000,12891258880,12891258880,12891258880,5143691264,5143691264,5143691264,candidate,1,1610612736,1610612736,1610612736,106.0299466829747,105.7066285982728,105.87989734485745,2048,formal_v1_w10_n10_r3,prefill,0,0,0,0,0,0,"[""full_validation""]",[105.87989734485745],offload_gap_v1,30,3145728000,3145728000,3145728000,"[""/home/molly/workspace-memory-attn/memory-attention/profile/results/optimization/offload-gap-001/A0016/R04-full-validation/B1-J018-candidate-prefill-ma_gpu_unfolded-b4-l2048.json""]",completed,77497.50520502224,77261.19135468164,77370.68324989156,descriptive round-mean range within one process; NOT a confidence interval,ma_gpu_unfolded
4,0ce6645eb4c4bc3992258ad0878c72ea3c37a64e,0,0,0,0,mean of process means; each process mean averages all raw samples,7326776320,7326776320,7326776320,5410.1943359375,7393776640,7393776640,7393776640,8650752000,8650752000,8650752000,8650752000,8650752000,8650752000,12891340800,12891340800,12891340800,5328375808,5328375808,5328375808,candidate,1,1611399168,1611399168,1611399168,7.343166274949908,7.295386912301183,7.31347450055182,2048,formal_v1_w10_n10_r3,decode,0,0,0,0,0,0,"[""full_validation""]",[7.31347450055182],offload_gap_v1,30,3145728000,3145728000,3145728000,"[""/home/molly/workspace-memory-attn/memory-attention/profile/results/optimization/offload-gap-001/A0016/R04-full-validation/B1-J019-candidate-decode-ma_gpu_unfolded-b4-l2048.json""]",completed,548.2916873477079,544.7241489880721,546.9356596099692,descriptive round-mean range within one process; NOT a confidence interval,ma_gpu_unfolded
4,62942a0387608fe21baaeb2dce9ef3b0947dde4d,0,0,0,0,mean of process means; each process mean averages all raw samples,7326776320,7326776320,7326776320,5410.1943359375,7393776640,7393776640,7393776640,8650752000,8650752000,8650752000,8650752000,8650752000,8650752000,12891054080,12891054080,12891054080,5327872000,5327872000,5327872000,baseline,1,1611399168,1611399168,1611399168,7.322313729673624,7.289669010788202,7.301470932240288,2048,formal_v1_w10_n10_r3,decode,0,0,0,0,0,0,"[""full_validation""]",[7.301470932240288],offload_gap_v1,30,3145728000,3145728000,3145728000,"[""/home/molly/workspace-memory-attn/memory-attention/profile/results/optimization/offload-gap-001/A0016/R04-full-validation/B1-J020-baseline-decode-ma_gpu_unfolded-b4-l2048.json""]",completed,548.7217587081497,546.2754189007265,547.8348180963986,descriptive round-mean range within one process; NOT a confidence interval,ma_gpu_unfolded
4,62942a0387608fe21baaeb2dce9ef3b0947dde4d,0,0,0,0,mean of process means; each process mean averages all raw samples,7326776320,7326776320,7326776320,5410.1943359375,7393776640,7393776640,7393776640,8650752000,8650752000,8650752000,8650752000,8650752000,8650752000,12891602944,12891602944,12891602944,5328351232,5328351232,5328351232,baseline,1,1611399168,1611399168,1611399168,7.215257594361901,7.211471535265446,7.213003948951761,2048,formal_v1_w10_n10_r3,decode,0,0,0,0,0,0,"[""full_validation""]",[7.213003948951761],offload_gap_v1,30,3145728000,3145728000,3145728000,"[""/home/molly/workspace-memory-attn/memory-attention/profile/results/optimization/offload-gap-001/A0016/R04-full-validation/B1-J021-baseline-decode-ma_gpu-b4-l2048.json""]",completed,554.6718142669289,554.3807615580702,554.5539733943034,descriptive round-mean range within one process; NOT a confidence interval,ma_gpu
4,0ce6645eb4c4bc3992258ad0878c72ea3c37a64e,0,0,0,0,mean of process means; each process mean averages all raw samples,7326776320,7326776320,7326776320,5410.1943359375,7393776640,7393776640,7393776640,8650752000,8650752000,8650752000,8650752000,8650752000,8650752000,12891684864,12891684864,12891684864,5328572416,5328572416,5328572416,candidate,1,1611399168,1611399168,1611399168,7.211960386484861,7.205825438722968,7.208976273735364,2048,formal_v1_w10_n10_r3,decode,0,0,0,0,0,0,"[""full_validation""]",[7.208976273735364],offload_gap_v1,30,3145728000,3145728000,3145728000,"[""/home/molly/workspace-memory-attn/memory-attention/profile/results/optimization/offload-gap-001/A0016/R04-full-validation/B1-J022-candidate-decode-ma_gpu-b4-l2048.json""]",completed,555.1064252132214,554.6342167236468,554.8638042509997,descriptive round-mean range within one process; NOT a confidence interval,ma_gpu
4,0ce6645eb4c4bc3992258ad0878c72ea3c37a64e,3000.0,3145728000,3145728000,3145728000,mean of process means; each process mean averages all raw samples,4290493440,4290493440,4290493440,2410.1943359375,4357477376,4357477376,4357477376,5993660416,5993660416,5993660416,5993660416,5993660416,5993660416,12891992064,12891992064,12891992064,11758804992,11758804992,11758804992,candidate,1,1611399168,1611399168,1611399168,7.310911966487765,7.302591437473893,7.306332389513652,2048,formal_v1_w10_n10_r3,decode,134610944,134610944,134610944,134610944,134610944,134610944,"[""full_validation""]",[7.306332389513652],offload_gap_v1,30,3145728000,3145728000,3145728000,"[""/home/molly/workspace-memory-attn/memory-attention/profile/results/optimization/offload-gap-001/A0016/R04-full-validation/B1-J023-candidate-decode-ma_offload-b4-l2048.json""]",completed,547.7507586517365,547.1273650039093,547.4703020274528,descriptive round-mean range within one process; NOT a confidence interval,ma_offload
4,62942a0387608fe21baaeb2dce9ef3b0947dde4d,3000.0,3145728000,3145728000,3145728000,mean of process means; each process mean averages all raw samples,4290493440,4290493440,4290493440,2410.1943359375,4357477376,4357477376,4357477376,5993660416,5993660416,5993660416,5993660416,5993660416,5993660416,12891512832,12891512832,12891512832,11758985216,11758985216,11758985216,baseline,1,1611399168,1611399168,1611399168,7.340672332793474,7.312170136719942,7.321964514752229,2048,formal_v1_w10_n10_r3,decode,134610944,134610944,134610944,134610944,134610944,134610944,"[""full_validation""]",[7.321964514752229],offload_gap_v1,30,3145728000,3145728000,3145728000,"[""/home/molly/workspace-memory-attn/memory-attention/profile/results/optimization/offload-gap-001/A0016/R04-full-validation/B1-J024-baseline-decode-ma_offload-b4-l2048.json""]",completed,547.0332234083247,544.9092152132351,546.3014730460433,descriptive round-mean range within one process; NOT a confidence interval,ma_offload
8,62942a0387608fe21baaeb2dce9ef3b0947dde4d,3000.0,3145728000,3145728000,3145728000,mean of process means; each process mean averages all raw samples,6035292160,6035292160,6035292160,2410.1943359375,6923972608,6923972608,6923972608,9684647936,9684647936,9684647936,9684647936,9684647936,9684647936,12891029504,12891336704,12890832896,11709319850.666666,11709382656,11709235200,baseline,3,3221225472,3221225472,3221225472,211.1014135638237,209.24134597585999,210.17137976984185,2048,formal_v1_w10_n10_r3,prefill,269221888,269221888,269221888,269221888,269221888,269221888,"[""confirmation"", ""confirmation"", ""confirmation""]","[210.20149968874952, 209.78284062196812, 210.52979899880788]",offload_gap_v1,90,3145728000,3145728000,3145728000,"[""/home/molly/workspace-memory-attn/memory-attention/profile/results/optimization/offload-gap-001/A0016/R03-baseline-confirmation/B1-J009-baseline-prefill-ma_offload-b8-l2048.json"", ""/home/molly/workspace-memory-attn/memory-attention/profile/results/optimization/offload-gap-001/A0016/R03-baseline-confirmation/B2-J024-baseline-prefill-ma_offload-b8-l2048.json"", ""/home/molly/workspace-memory-attn/memory-attention/profile/results/optimization/offload-gap-001/A0016/R03-baseline-confirmation/B3-J041-baseline-prefill-ma_offload-b8-l2048.json""]",reused,78301.92414213494,77611.98621745143,77955.42865038084,95% Student-t interval over 3 independent process means (df=2),ma_offload
8,0ce6645eb4c4bc3992258ad0878c72ea3c37a64e,3000.0,3145728000,3145728000,3145728000,mean of process means; each process mean averages all raw samples,6035292160,6035292160,6035292160,2410.1943359375,6923972608,6923972608,6923972608,9684647936,9684647936,9684647936,9684647936,9684647936,9684647936,12891118250.666666,12891299840,12891017216,11709532842.666666,11709665280,11709448192,candidate,3,3221225472,3221225472,3221225472,211.266798658649,209.11429131389008,210.19054498626954,2048,formal_v1_w10_n10_r3,prefill,269221888,269221888,269221888,269221888,269221888,269221888,"[""confirmation"", ""confirmation"", ""confirmation""]","[210.35794446555278, 209.6985696349293, 210.51512085832655]",offload_gap_v1,90,3145728000,3145728000,3145728000,"[""/home/molly/workspace-memory-attn/memory-attention/profile/results/optimization/offload-gap-001/A0016/R03-baseline-confirmation/B1-J010-candidate-prefill-ma_offload-b8-l2048.json"", ""/home/molly/workspace-memory-attn/memory-attention/profile/results/optimization/offload-gap-001/A0016/R03-baseline-confirmation/B2-J023-candidate-prefill-ma_offload-b8-l2048.json"", ""/home/molly/workspace-memory-attn/memory-attention/profile/results/optimization/offload-gap-001/A0016/R03-baseline-confirmation/B3-J042-candidate-prefill-ma_offload-b8-l2048.json""]",reused,78349.49919997036,77551.22955439954,77948.32065862081,95% Student-t interval over 3 independent process means (df=2),ma_offload
8,0ce6645eb4c4bc3992258ad0878c72ea3c37a64e,0,0,0,0,mean of process means; each process mean averages all raw samples,8936964096,8936964096,8936964096,5410.1943359375,9825644544,9825644544,9825644544,11444158464,11444158464,11444158464,11444158464,11444158464,11444158464,12891202901.333334,12891574272,12890980352,5144332970.666667,5144477696,5144223744,candidate,3,3221225472,3221225472,3221225472,207.79656799754335,205.7350306581706,206.76579932785697,2048,formal_v1_w10_n10_r3,prefill,0,0,0,0,0,0,"[""confirmation"", ""confirmation"", ""confirmation""]","[207.14839342981577, 206.82428559909263, 206.32471895466247]",offload_gap_v1,90,3145728000,3145728000,3145728000,"[""/home/molly/workspace-memory-attn/memory-attention/profile/results/optimization/offload-gap-001/A0016/R03-baseline-confirmation/B1-J011-candidate-prefill-ma_gpu-b8-l2048.json"", ""/home/molly/workspace-memory-attn/memory-attention/profile/results/optimization/offload-gap-001/A0016/R03-baseline-confirmation/B2-J022-candidate-prefill-ma_gpu-b8-l2048.json"", ""/home/molly/workspace-memory-attn/memory-attention/profile/results/optimization/offload-gap-001/A0016/R03-baseline-confirmation/B3-J043-candidate-prefill-ma_gpu-b8-l2048.json""]",reused,79636.41363158065,78846.34552864077,79239.41025672629,95% Student-t interval over 3 independent process means (df=2),ma_gpu
8,62942a0387608fe21baaeb2dce9ef3b0947dde4d,0,0,0,0,mean of process means; each process mean averages all raw samples,8936964096,8936964096,8936964096,5410.1943359375,9825644544,9825644544,9825644544,11444158464,11444158464,11444158464,11444158464,11444158464,11444158464,12891115520,12891533312,12890632192,5144182784,5144195072,5144170496,baseline,3,3221225472,3221225472,3221225472,207.84917811001887,205.6472615249069,206.74821981746288,2048,formal_v1_w10_n10_r3,prefill,0,0,0,0,0,0,"[""confirmation"", ""confirmation"", ""confirmation""]","[206.4772117572526, 207.25967343896627, 206.5077742561698]",offload_gap_v1,90,3145728000,3145728000,3145728000,"[""/home/molly/workspace-memory-attn/memory-attention/profile/results/optimization/offload-gap-001/A0016/R03-baseline-confirmation/B1-J012-baseline-prefill-ma_gpu-b8-l2048.json"", ""/home/molly/workspace-memory-attn/memory-attention/profile/results/optimization/offload-gap-001/A0016/R03-baseline-confirmation/B2-J021-baseline-prefill-ma_gpu-b8-l2048.json"", ""/home/molly/workspace-memory-attn/memory-attention/profile/results/optimization/offload-gap-001/A0016/R03-baseline-confirmation/B3-J044-baseline-prefill-ma_gpu-b8-l2048.json""]",reused,79670.40201999314,78826.38819638541,79246.14787235104,95% Student-t interval over 3 independent process means (df=2),ma_gpu
8,62942a0387608fe21baaeb2dce9ef3b0947dde4d,0,0,0,0,mean of process means; each process mean averages all raw samples,8936964096,8936964096,8936964096,5410.1943359375,9825644544,9825644544,9825644544,11444158464,11444158464,11444158464,11444158464,11444158464,11444158464,12891258880,12891258880,12891258880,5143592960,5143592960,5143592960,baseline,1,3221225472,3221225472,3221225472,208.74326000921428,208.24008416384459,208.50732189913592,2048,formal_v1_w10_n10_r3,prefill,0,0,0,0,0,0,"[""full_validation""]",[208.50732189913592],offload_gap_v1,30,3145728000,3145728000,3145728000,"[""/home/molly/workspace-memory-attn/memory-attention/profile/results/optimization/offload-gap-001/A0016/R04-full-validation/B1-J029-baseline-prefill-ma_gpu_unfolded-b8-l2048.json""]",completed,78678.4161454188,78488.76174146548,78577.57632092007,descriptive round-mean range within one process; NOT a confidence interval,ma_gpu_unfolded
8,0ce6645eb4c4bc3992258ad0878c72ea3c37a64e,0,0,0,0,mean of process means; each process mean averages all raw samples,8936964096,8936964096,8936964096,5410.1943359375,9825644544,9825644544,9825644544,11444158464,11444158464,11444158464,11444158464,11444158464,11444158464,12891267072,12891267072,12891267072,5144215552,5144215552,5144215552,candidate,1,3221225472,3221225472,3221225472,208.36159992031753,207.56876366212964,208.05524269429347,2048,formal_v1_w10_n10_r3,prefill,0,0,0,0,0,0,"[""full_validation""]",[208.05524269429347],offload_gap_v1,30,3145728000,3145728000,3145728000,"[""/home/molly/workspace-memory-attn/memory-attention/profile/results/optimization/offload-gap-001/A0016/R04-full-validation/B1-J030-candidate-prefill-ma_gpu_unfolded-b8-l2048.json""]",completed,78932.87848777228,78632.53116824613,78748.31601371312,descriptive round-mean range within one process; NOT a confidence interval,ma_gpu_unfolded
8,0ce6645eb4c4bc3992258ad0878c72ea3c37a64e,0,0,0,0,mean of process means; each process mean averages all raw samples,8938432000,8938432000,8938432000,5410.1943359375,9072432640,9072432640,9072432640,11446255616,11446255616,11446255616,11446255616,11446255616,11446255616,12890427392,12890427392,12890427392,5327872000,5327872000,5327872000,candidate,1,3222798336,3222798336,3222798336,11.07157920487225,11.01551572792232,11.03518296343585,2048,formal_v1_w10_n10_r3,decode,0,0,0,0,0,0,"[""full_validation""]",[11.03518296343585],offload_gap_v1,30,3145728000,3145728000,3145728000,"[""/home/molly/workspace-memory-attn/memory-attention/profile/results/optimization/offload-gap-001/A0016/R04-full-validation/B1-J031-candidate-decode-ma_gpu_unfolded-b8-l2048.json""]",completed,726.2483389426299,722.5708141508353,724.9539972746558,descriptive round-mean range within one process; NOT a confidence interval,ma_gpu_unfolded
8,62942a0387608fe21baaeb2dce9ef3b0947dde4d,0,0,0,0,mean of process means; each process mean averages all raw samples,8938432000,8938432000,8938432000,5410.1943359375,9072432640,9072432640,9072432640,11446255616,11446255616,11446255616,11446255616,11446255616,11446255616,12891181056,12891181056,12891181056,5328474112,5328474112,5328474112,baseline,1,3222798336,3222798336,3222798336,11.031053774058819,11.027779523283243,11.028890047843257,2048,formal_v1_w10_n10_r3,decode,0,0,0,0,0,0,"[""full_validation""]",[11.028890047843257],offload_gap_v1,30,3145728000,3145728000,3145728000,"[""/home/molly/workspace-memory-attn/memory-attention/profile/results/optimization/offload-gap-001/A0016/R04-full-validation/B1-J032-baseline-decode-ma_gpu_unfolded-b8-l2048.json""]",completed,725.440691220693,725.2253650338649,725.3676449122305,descriptive round-mean range within one process; NOT a confidence interval,ma_gpu_unfolded
8,62942a0387608fe21baaeb2dce9ef3b0947dde4d,0,0,0,0,mean of process means; each process mean averages all raw samples,8938432000,8938432000,8938432000,5410.1943359375,9072432640,9072432640,9072432640,11446255616,11446255616,11446255616,11446255616,11446255616,11446255616,12891306666.666666,12891566080,12891070464,5328306176,5328433152,5328162816,baseline,3,3222798336,3222798336,3222798336,10.980544496629399,10.900748553487563,10.940646525058481,2048,formal_v1_w10_n10_r3,decode,0,0,0,0,0,0,"[""confirmation"", ""confirmation"", ""confirmation""]","[10.955178240935007, 10.923401654387513, 10.943359679852923]",offload_gap_v1,90,3145728000,3145728000,3145728000,"[""/home/molly/workspace-memory-attn/memory-attention/profile/results/optimization/offload-gap-001/A0016/R03-baseline-confirmation/B1-J013-baseline-decode-ma_gpu-b8-l2048.json"", ""/home/molly/workspace-memory-attn/memory-attention/profile/results/optimization/offload-gap-001/A0016/R03-baseline-confirmation/B2-J020-baseline-decode-ma_gpu-b8-l2048.json"", ""/home/molly/workspace-memory-attn/memory-attention/profile/results/optimization/offload-gap-001/A0016/R03-baseline-confirmation/B3-J045-baseline-decode-ma_gpu-b8-l2048.json""]",reused,733.8945541900878,728.5613206572488,731.2182128978194,95% Student-t interval over 3 independent process means (df=2),ma_gpu
8,0ce6645eb4c4bc3992258ad0878c72ea3c37a64e,0,0,0,0,mean of process means; each process mean averages all raw samples,8938432000,8938432000,8938432000,5410.1943359375,9072432640,9072432640,9072432640,11446255616,11446255616,11446255616,11446255616,11446255616,11446255616,12891525120,12891656192,12891348992,5328378538.666667,5328482304,5328240640,candidate,3,3222798336,3222798336,3222798336,10.934074642998045,10.91933453679873,10.926704589898387,2048,formal_v1_w10_n10_r3,decode,0,0,0,0,0,0,"[""confirmation"", ""confirmation"", ""confirmation""]","[10.930106431866685, 10.924653274317583, 10.925354063510895]",offload_gap_v1,90,3145728000,3145728000,3145728000,"[""/home/molly/workspace-memory-attn/memory-attention/profile/results/optimization/offload-gap-001/A0016/R03-baseline-confirmation/B1-J014-candidate-decode-ma_gpu-b8-l2048.json"", ""/home/molly/workspace-memory-attn/memory-attention/profile/results/optimization/offload-gap-001/A0016/R03-baseline-confirmation/B2-J019-candidate-decode-ma_gpu-b8-l2048.json"", ""/home/molly/workspace-memory-attn/memory-attention/profile/results/optimization/offload-gap-001/A0016/R03-baseline-confirmation/B3-J046-candidate-decode-ma_gpu-b8-l2048.json""]",reused,732.6453799029218,731.6577086953613,732.1512112074402,95% Student-t interval over 3 independent process means (df=2),ma_gpu
8,0ce6645eb4c4bc3992258ad0878c72ea3c37a64e,3000.0,3145728000,3145728000,3145728000,mean of process means; each process mean averages all raw samples,6036760064,6036760064,6036760064,2410.1943359375,6170727936,6170727936,6170727936,9684647936,9684647936,9684647936,9684647936,9684647936,9684647936,12891189248,12891906048,12890677248,11893350400,11893460992,11893227520,candidate,3,3222798336,3222798336,3222798336,11.088730644622057,10.964051849952728,11.026391247287393,2048,formal_v1_w10_n10_r3,decode,269221888,269221888,269221888,269221888,269221888,269221888,"[""confirmation"", ""confirmation"", ""confirmation""]","[11.01651427646478, 11.054921941831708, 11.00773752356569]",offload_gap_v1,90,3145728000,3145728000,3145728000,"[""/home/molly/workspace-memory-attn/memory-attention/profile/results/optimization/offload-gap-001/A0016/R03-baseline-confirmation/B1-J015-candidate-decode-ma_offload-b8-l2048.json"", ""/home/molly/workspace-memory-attn/memory-attention/profile/results/optimization/offload-gap-001/A0016/R03-baseline-confirmation/B2-J018-candidate-decode-ma_offload-b8-l2048.json"", ""/home/molly/workspace-memory-attn/memory-attention/profile/results/optimization/offload-gap-001/A0016/R03-baseline-confirmation/B3-J047-candidate-decode-ma_offload-b8-l2048.json""]",reused,729.657257142075,721.4531812872499,725.5320277128824,95% Student-t interval over 3 independent process means (df=2),ma_offload
8,62942a0387608fe21baaeb2dce9ef3b0947dde4d,3000.0,3145728000,3145728000,3145728000,mean of process means; each process mean averages all raw samples,6036760064,6036760064,6036760064,2410.1943359375,6170727936,6170727936,6170727936,9684647936,9684647936,9684647936,9684647936,9684647936,9684647936,12891448661.333334,12893073408,12890533888,11893784576,11895197696,11893071872,baseline,3,3222798336,3222798336,3222798336,11.030451060314858,10.993445636765939,11.011948348540399,2048,formal_v1_w10_n10_r3,decode,269221888,269221888,269221888,269221888,269221888,269221888,"[""confirmation"", ""confirmation"", ""confirmation""]","[11.018670940150818, 11.00394131305317, 11.013232792417208]",offload_gap_v1,90,3145728000,3145728000,3145728000,"[""/home/molly/workspace-memory-attn/memory-attention/profile/results/optimization/offload-gap-001/A0016/R03-baseline-confirmation/B1-J016-baseline-decode-ma_offload-b8-l2048.json"", ""/home/molly/workspace-memory-attn/memory-attention/profile/results/optimization/offload-gap-001/A0016/R03-baseline-confirmation/B2-J017-baseline-decode-ma_offload-b8-l2048.json"", ""/home/molly/workspace-memory-attn/memory-attention/profile/results/optimization/offload-gap-001/A0016/R03-baseline-confirmation/B3-J048-baseline-decode-ma_offload-b8-l2048.json""]",reused,727.7063319661302,725.2649919985814,726.483610964301,95% Student-t interval over 3 independent process means (df=2),ma_offload
16,62942a0387608fe21baaeb2dce9ef3b0947dde4d,3000.0,3145728000,3145728000,3145728000,mean of process means; each process mean averages all raw samples,9526382592,9526382592,9526382592,2410.1943359375,11303743488,11303743488,11303743488,17433624576,17433624576,17433624576,17433624576,17433624576,17433624576,12891138730.666666,12891459584,12890894336,11978184021.333334,11978289152,11978043392,baseline,3,6442450944,6442450944,6442450944,432.65372591502245,412.84811579316744,422.75092085409494,2048,formal_v1_w10_n10_r3,prefill,538443776,538443776,538443776,538443776,538443776,538443776,"[""full_validation"", ""full_validation"", ""full_validation""]","[418.7091011554003, 422.8641413617879, 426.6795200450967]",offload_gap_v1,90,3145728000,3145728000,3145728000,"[""/home/molly/workspace-memory-attn/memory-attention/profile/results/optimization/offload-gap-001/A0016/R04-full-validation/B1-J037-baseline-prefill-ma_offload-b16-l2048.json"", ""/home/molly/workspace-memory-attn/memory-attention/profile/results/optimization/offload-gap-001/A0016/R07-regression/B2-J036-baseline-prefill-ma_offload-b16-l2048.json"", ""/home/molly/workspace-memory-attn/memory-attention/profile/results/optimization/offload-gap-001/A0016/R07-regression/B3-J093-baseline-prefill-ma_offload-b16-l2048.json""]",reused,79370.59355847085,75737.24213445457,77511.36279915828,95% Student-t interval over 3 independent process means (df=2),ma_offload
16,0ce6645eb4c4bc3992258ad0878c72ea3c37a64e,3000.0,3145728000,3145728000,3145728000,mean of process means; each process mean averages all raw samples,9526382592,9526382592,9526382592,2410.1943359375,11303743488,11303743488,11303743488,17433624576,17433624576,17433624576,17433624576,17433624576,17433624576,12891313493.333334,12891615232,12890992640,11978365610.666666,11978629120,11978153984,candidate,3,6442450944,6442450944,6442450944,430.17377567065734,415.397369465252,422.78557256795466,2048,formal_v1_w10_n10_r3,prefill,538443776,538443776,538443776,538443776,538443776,538443776,"[""full_validation"", ""full_validation"", ""full_validation""]","[420.1690856212129, 422.1674004414429, 426.0202316412081]",offload_gap_v1,90,3145728000,3145728000,3145728000,"[""/home/molly/workspace-memory-attn/memory-attention/profile/results/optimization/offload-gap-001/A0016/R04-full-validation/B1-J038-candidate-prefill-ma_offload-b16-l2048.json"", ""/home/molly/workspace-memory-attn/memory-attention/profile/results/optimization/offload-gap-001/A0016/R07-regression/B2-J035-candidate-prefill-ma_offload-b16-l2048.json"", ""/home/molly/workspace-memory-attn/memory-attention/profile/results/optimization/offload-gap-001/A0016/R07-regression/B3-J094-candidate-prefill-ma_offload-b16-l2048.json""]",reused,78883.50386566675,76173.86705852405,77505.00992966871,95% Student-t interval over 3 independent process means (df=2),ma_offload
16,0ce6645eb4c4bc3992258ad0878c72ea3c37a64e,0,0,0,0,mean of process means; each process mean averages all raw samples,12158832640,12158832640,12158832640,5410.1943359375,13936193536,13936193536,13936193536,17030971392,17030971392,17030971392,17030971392,17030971392,17030971392,12891739477.333334,12892598272,12890898432,5144139093.333333,5144199168,5144068096,candidate,3,6442450944,6442450944,6442450944,425.92540011759166,413.36487121965587,419.64513566862377,2048,formal_v1_w10_n10_r3,prefill,0,0,0,0,0,0,"[""full_validation"", ""full_validation"", ""full_validation""]","[418.4658894936244, 417.92206349782646, 422.5474540144205]",offload_gap_v1,90,3145728000,3145728000,3145728000,"[""/home/molly/workspace-memory-attn/memory-attention/profile/results/optimization/offload-gap-001/A0016/R04-full-validation/B1-J039-candidate-prefill-ma_gpu-b16-l2048.json"", ""/home/molly/workspace-memory-attn/memory-attention/profile/results/optimization/offload-gap-001/A0016/R07-regression/B2-J034-candidate-prefill-ma_gpu-b16-l2048.json"", ""/home/molly/workspace-memory-attn/memory-attention/profile/results/optimization/offload-gap-001/A0016/R07-regression/B3-J095-candidate-prefill-ma_gpu-b16-l2048.json""]",reused,79271.37084318802,76933.66019249673,78085.02283194703,95% Student-t interval over 3 independent process means (df=2),ma_gpu
16,62942a0387608fe21baaeb2dce9ef3b0947dde4d,0,0,0,0,mean of process means; each process mean averages all raw samples,12158832640,12158832640,12158832640,5410.1943359375,13936193536,13936193536,13936193536,17030971392,17030971392,17030971392,17030971392,17030971392,17030971392,12891388586.666666,12891545600,12891078656,5144360277.333333,5144518656,5144178688,baseline,3,6442450944,6442450944,6442450944,427.00531135660185,411.3233593537234,419.1643353551626,2048,formal_v1_w10_n10_r3,prefill,0,0,0,0,0,0,"[""full_validation"", ""full_validation"", ""full_validation""]","[419.19101729678613, 415.9946613634626, 422.30732740523916]",offload_gap_v1,90,3145728000,3145728000,3145728000,"[""/home/molly/workspace-memory-attn/memory-attention/profile/results/optimization/offload-gap-001/A0016/R04-full-validation/B1-J040-baseline-prefill-ma_gpu-b16-l2048.json"", ""/home/molly/workspace-memory-attn/memory-attention/profile/results/optimization/offload-gap-001/A0016/R07-regression/B2-J033-baseline-prefill-ma_gpu-b16-l2048.json"", ""/home/molly/workspace-memory-attn/memory-attention/profile/results/optimization/offload-gap-001/A0016/R07-regression/B3-J096-baseline-prefill-ma_gpu-b16-l2048.json""]",reused,79664.81663352528,76739.09229816277,78174.5898592143,95% Student-t interval over 3 independent process means (df=2),ma_gpu
16,62942a0387608fe21baaeb2dce9ef3b0947dde4d,0,0,0,0,mean of process means; each process mean averages all raw samples,12158832640,12158832640,12158832640,5410.1943359375,13936193536,13936193536,13936193536,17030971392,17030971392,17030971392,17030971392,17030971392,17030971392,12890316800,12890316800,12890316800,5143564288,5143564288,5143564288,baseline,1,6442450944,6442450944,6442450944,424.6671937406063,422.65261309221387,423.6659362912178,2048,formal_v1_w10_n10_r3,prefill,0,0,0,0,0,0,"[""full_validation""]",[423.6659362912178],offload_gap_v1,30,3145728000,3145728000,3145728000,"[""/home/molly/workspace-memory-attn/memory-attention/profile/results/optimization/offload-gap-001/A0016/R04-full-validation/B1-J041-baseline-prefill-ma_gpu_unfolded-b16-l2048.json""]",completed,77529.39171548601,77161.59967848902,77343.95709707486,descriptive round-mean range within one process; NOT a confidence interval,ma_gpu_unfolded
16,0ce6645eb4c4bc3992258ad0878c72ea3c37a64e,0,0,0,0,mean of process means; each process mean averages all raw samples,12158832640,12158832640,12158832640,5410.1943359375,13936193536,13936193536,13936193536,17030971392,17030971392,17030971392,17030971392,17030971392,17030971392,12891217920,12891217920,12891217920,5143818240,5143818240,5143818240,candidate,1,6442450944,6442450944,6442450944,424.95178328827024,423.00578569993377,423.9985110082974,2048,formal_v1_w10_n10_r3,prefill,0,0,0,0,0,0,"[""full_validation""]",[423.9985110082974],offload_gap_v1,30,3145728000,3145728000,3145728000,"[""/home/molly/workspace-memory-attn/memory-attention/profile/results/optimization/offload-gap-001/A0016/R04-full-validation/B1-J042-candidate-prefill-ma_gpu_unfolded-b16-l2048.json""]",completed,77464.66149577568,77109.92467531664,77283.29026928765,descriptive round-mean range within one process; NOT a confidence interval,ma_gpu_unfolded
16,0ce6645eb4c4bc3992258ad0878c72ea3c37a64e,0,0,0,0,mean of process means; each process mean averages all raw samples,12161743360,12161743360,12161743360,5410.1943359375,12429744640,12429744640,12429744640,17033068544,17033068544,17033068544,17033068544,17033068544,17033068544,12891348992,12891348992,12891348992,5303189504,5303189504,5303189504,candidate,1,6445596672,6445596672,6445596672,20.450902869924903,20.409124949947,20.43160015406708,2048,formal_v1_w10_n10_r3,decode,0,0,0,0,0,0,"[""full_validation""]",[20.43160015406708],offload_gap_v1,30,3145728000,3145728000,3145728000,"[""/home/molly/workspace-memory-attn/memory-attention/profile/results/optimization/offload-gap-001/A0016/R04-full-validation/B1-J043-candidate-decode-ma_gpu_unfolded-b16-l2048.json""]",completed,783.9630576636531,782.3615466645044,783.1006812657827,descriptive round-mean range within one process; NOT a confidence interval,ma_gpu_unfolded
16,62942a0387608fe21baaeb2dce9ef3b0947dde4d,0,0,0,0,mean of process means; each process mean averages all raw samples,12161743360,12161743360,12161743360,5410.1943359375,12429744640,12429744640,12429744640,17033068544,17033068544,17033068544,17033068544,17033068544,17033068544,12891729920,12891729920,12891729920,5303230464,5303230464,5303230464,baseline,1,6445596672,6445596672,6445596672,20.440946239978075,20.381690049543977,20.40379736572504,2048,formal_v1_w10_n10_r3,decode,0,0,0,0,0,0,"[""full_validation""]",[20.40379736572504],offload_gap_v1,30,3145728000,3145728000,3145728000,"[""/home/molly/workspace-memory-attn/memory-attention/profile/results/optimization/offload-gap-001/A0016/R04-full-validation/B1-J044-baseline-decode-ma_gpu_unfolded-b16-l2048.json""]",completed,785.0183160035832,782.7426290426545,784.1677562862548,descriptive round-mean range within one process; NOT a confidence interval,ma_gpu_unfolded
16,62942a0387608fe21baaeb2dce9ef3b0947dde4d,0,0,0,0,mean of process means; each process mean averages all raw samples,12161743360,12161743360,12161743360,5410.1943359375,12429744640,12429744640,12429744640,17033068544,17033068544,17033068544,17033068544,17033068544,17033068544,12891561984,12891729920,12891410432,5303304192,5303476224,5303164928,baseline,3,6445596672,6445596672,6445596672,20.327278507579184,20.207606492444395,20.26744250001179,2048,formal_v1_w10_n10_r3,decode,0,0,0,0,0,0,"[""full_validation"", ""full_validation"", ""full_validation""]","[20.29481832869351, 20.258011094604928, 20.249498076736927]",offload_gap_v1,90,3145728000,3145728000,3145728000,"[""/home/molly/workspace-memory-attn/memory-attention/profile/results/optimization/offload-gap-001/A0016/R04-full-validation/B1-J045-baseline-decode-ma_gpu-b16-l2048.json"", ""/home/molly/workspace-memory-attn/memory-attention/profile/results/optimization/offload-gap-001/A0016/R07-regression/B2-J056-baseline-decode-ma_gpu-b16-l2048.json"", ""/home/molly/workspace-memory-attn/memory-attention/profile/results/optimization/offload-gap-001/A0016/R07-regression/B3-J073-baseline-decode-ma_gpu-b16-l2048.json""]",reused,791.7810556130131,787.1196330602877,789.4434633274866,95% Student-t interval over 3 independent process means (df=2),ma_gpu
16,0ce6645eb4c4bc3992258ad0878c72ea3c37a64e,0,0,0,0,mean of process means; each process mean averages all raw samples,12161743360,12161743360,12161743360,5410.1943359375,12429744640,12429744640,12429744640,17033068544,17033068544,17033068544,17033068544,17033068544,17033068544,12891125077.333334,12891312128,12890996736,5303205888,5303324672,5303103488,candidate,3,6445596672,6445596672,6445596672,20.343544793362,20.213035676478107,20.278290234920053,2048,formal_v1_w10_n10_r3,decode,0,0,0,0,0,0,"[""full_validation"", ""full_validation"", ""full_validation""]","[20.298995450139046, 20.28713409478466, 20.248741159836452]",offload_gap_v1,90,3145728000,3145728000,3145728000,"[""/home/molly/workspace-memory-attn/memory-attention/profile/results/optimization/offload-gap-001/A0016/R04-full-validation/B1-J046-candidate-decode-ma_gpu-b16-l2048.json"", ""/home/molly/workspace-memory-attn/memory-attention/profile/results/optimization/offload-gap-001/A0016/R07-regression/B2-J055-candidate-decode-ma_gpu-b16-l2048.json"", ""/home/molly/workspace-memory-attn/memory-attention/profile/results/optimization/offload-gap-001/A0016/R07-regression/B3-J074-candidate-decode-ma_gpu-b16-l2048.json""]",reused,791.5683846845027,786.4902681670661,789.0211558589559,95% Student-t interval over 3 independent process means (df=2),ma_gpu
16,0ce6645eb4c4bc3992258ad0878c72ea3c37a64e,3000.0,3145728000,3145728000,3145728000,mean of process means; each process mean averages all raw samples,9529293312,9529293312,9529293312,2410.1943359375,9797229056,9797229056,9797229056,17435721728,17435721728,17435721728,17435721728,17435721728,17435721728,12891202901.333334,12891500544,12890923008,12136934058.666666,12137291776,12136656896,candidate,3,6445596672,6445596672,6445596672,20.372251784625064,20.28827139363778,20.33026158913142,2048,formal_v1_w10_n10_r3,decode,538443776,538443776,538443776,538443776,538443776,538443776,"[""full_validation"", ""full_validation"", ""full_validation""]","[20.347196236252785, 20.33019877659778, 20.313389754543703]",offload_gap_v1,90,3145728000,3145728000,3145728000,"[""/home/molly/workspace-memory-attn/memory-attention/profile/results/optimization/offload-gap-001/A0016/R04-full-validation/B1-J047-candidate-decode-ma_offload-b16-l2048.json"", ""/home/molly/workspace-memory-attn/memory-attention/profile/results/optimization/offload-gap-001/A0016/R07-regression/B2-J054-candidate-decode-ma_offload-b16-l2048.json"", ""/home/molly/workspace-memory-attn/memory-attention/profile/results/optimization/offload-gap-001/A0016/R07-regression/B3-J075-candidate-decode-ma_offload-b16-l2048.json""]",reused,788.6329835383343,785.3820073083525,787.0041381343375,95% Student-t interval over 3 independent process means (df=2),ma_offload
16,62942a0387608fe21baaeb2dce9ef3b0947dde4d,3000.0,3145728000,3145728000,3145728000,mean of process means; each process mean averages all raw samples,9529293312,9529293312,9529293312,2410.1943359375,9797229056,9797229056,9797229056,17435721728,17435721728,17435721728,17435721728,17435721728,17435721728,12891272533.333334,12891840512,12890951680,12136884906.666666,12137238528,12136693760,baseline,3,6445596672,6445596672,6445596672,20.305450697489622,20.288102885337626,20.296776791413624,2048,formal_v1_w10_n10_r3,decode,538443776,538443776,538443776,538443776,538443776,538443776,"[""full_validation"", ""full_validation"", ""full_validation""]","[20.29527702058355, 20.29428551904857, 20.300767834608752]",offload_gap_v1,90,3145728000,3145728000,3145728000,"[""/home/molly/workspace-memory-attn/memory-attention/profile/results/optimization/offload-gap-001/A0016/R04-full-validation/B1-J048-baseline-decode-ma_offload-b16-l2048.json"", ""/home/molly/workspace-memory-attn/memory-attention/profile/results/optimization/offload-gap-001/A0016/R07-regression/B2-J053-baseline-decode-ma_offload-b16-l2048.json"", ""/home/molly/workspace-memory-attn/memory-attention/profile/results/optimization/offload-gap-001/A0016/R07-regression/B3-J076-baseline-decode-ma_offload-b16-l2048.json""]",reused,788.6395337418822,787.9657653685122,788.3025055864368,95% Student-t interval over 3 independent process means (df=2),ma_offload
8,62942a0387608fe21baaeb2dce9ef3b0947dde4d,3000.0,3145728000,3145728000,3145728000,mean of process means; each process mean averages all raw samples,3753492480,3753492480,3753492480,2410.1943359375,3975278592,3975278592,3975278592,6396313600,6396313600,6396313600,6396313600,6396313600,6396313600,12891421354.666666,12891557888,12891222016,11976578389.333334,11976736768,11976458240,baseline,3,805306368,805306368,805306368,82.94932011852063,81.30483872023493,82.12707941937778,512,formal_v1_w10_n10_r3,prefill,403439616,403439616,403439616,403439616,403439616,403439616,"[""full_validation"", ""full_validation"", ""full_validation""]","[82.16172830822568, 81.78012150650223, 82.43938844340543]",offload_gap_v1,90,3145728000,3145728000,3145728000,"[""/home/molly/workspace-memory-attn/memory-attention/profile/results/optimization/offload-gap-001/A0016/R04-full-validation/B1-J049-baseline-prefill-ma_offload-b8-l512.json"", ""/home/molly/workspace-memory-attn/memory-attention/profile/results/optimization/offload-gap-001/A0016/R07-regression/B2-J048-baseline-prefill-ma_offload-b8-l512.json"", ""/home/molly/workspace-memory-attn/memory-attention/profile/results/optimization/offload-gap-001/A0016/R07-regression/B3-J081-baseline-prefill-ma_offload-b8-l512.json""]",reused,50378.305454784684,49379.54879132831,49873.92744217754,95% Student-t interval over 3 independent process means (df=2),ma_offload
8,0ce6645eb4c4bc3992258ad0878c72ea3c37a64e,3000.0,3145728000,3145728000,3145728000,mean of process means; each process mean averages all raw samples,3417948160,3417948160,3417948160,2410.1943359375,3639734272,3639734272,3639734272,5993660416,5993660416,5993660416,5993660416,5993660416,5993660416,12891230208,12891668480,12890775552,11507777536,11507896320,11507580928,candidate,3,805306368,805306368,805306368,55.6645502125299,54.6812682623589,55.1729092374444,512,formal_v1_w10_n10_r3,prefill,67895296,67895296,67895296,67895296,67895296,67895296,"[""full_validation"", ""full_validation"", ""full_validation""]","[55.29811060987413, 55.27587627681593, 54.944740825643144]",offload_gap_v1,90,3145728000,3145728000,3145728000,"[""/home/molly/workspace-memory-attn/memory-attention/profile/results/optimization/offload-gap-001/A0016/R04-full-validation/B1-J050-candidate-prefill-ma_offload-b8-l512.json"", ""/home/molly/workspace-memory-attn/memory-attention/profile/results/optimization/offload-gap-001/A0016/R07-regression/B2-J047-candidate-prefill-ma_offload-b8-l512.json"", ""/home/molly/workspace-memory-attn/memory-attention/profile/results/optimization/offload-gap-001/A0016/R07-regression/B3-J082-candidate-prefill-ma_offload-b8-l512.json""]",reused,74906.82147947866,73583.6359830678,74239.33333608141,95% Student-t interval over 3 independent process means (df=2),ma_offload
8,0ce6645eb4c4bc3992258ad0878c72ea3c37a64e,0,0,0,0,mean of process means; each process mean averages all raw samples,6520946688,6520946688,6520946688,5410.1943359375,6742732800,6742732800,6742732800,7300186112,7300186112,7300186112,7300186112,7300186112,7300186112,12890929834.666666,12891635712,12890112000,5144130901.333333,5144203264,5144006656,candidate,3,805306368,805306368,805306368,52.659222300269604,51.675912641814946,52.167567471042275,512,formal_v1_w10_n10_r3,prefill,0,0,0,0,0,0,"[""full_validation"", ""full_validation"", ""full_validation""]","[52.30396346499523, 52.25817286409438, 51.94056608403722]",offload_gap_v1,90,3145728000,3145728000,3145728000,"[""/home/molly/workspace-memory-attn/memory-attention/profile/results/optimization/offload-gap-001/A0016/R04-full-validation/B1-J051-candidate-prefill-ma_gpu-b8-l512.json"", ""/home/molly/workspace-memory-attn/memory-attention/profile/results/optimization/offload-gap-001/A0016/R07-regression/B2-J046-candidate-prefill-ma_gpu-b8-l512.json"", ""/home/molly/workspace-memory-attn/memory-attention/profile/results/optimization/offload-gap-001/A0016/R07-regression/B3-J083-candidate-prefill-ma_gpu-b8-l512.json""]",reused,79263.23485355558,77783.1464476267,78516.21608145043,95% Student-t interval over 3 independent process means (df=2),ma_gpu
8,62942a0387608fe21baaeb2dce9ef3b0947dde4d,0,0,0,0,mean of process means; each process mean averages all raw samples,6520946688,6520946688,6520946688,5410.1943359375,6742732800,6742732800,6742732800,7300186112,7300186112,7300186112,7300186112,7300186112,7300186112,12891136000,12891496448,12890656768,5144305664,5144461312,5144068096,baseline,3,805306368,805306368,805306368,52.66777393841317,51.61613819997935,52.14195606919626,512,formal_v1_w10_n10_r3,prefill,0,0,0,0,0,0,"[""full_validation"", ""full_validation"", ""full_validation""]","[52.10627047345042, 52.36920079526802, 51.95039693887035]",offload_gap_v1,90,3145728000,3145728000,3145728000,"[""/home/molly/workspace-memory-attn/memory-attention/profile/results/optimization/offload-gap-001/A0016/R04-full-validation/B1-J052-baseline-prefill-ma_gpu-b8-l512.json"", ""/home/molly/workspace-memory-attn/memory-attention/profile/results/optimization/offload-gap-001/A0016/R07-regression/B2-J045-baseline-prefill-ma_gpu-b8-l512.json"", ""/home/molly/workspace-memory-attn/memory-attention/profile/results/optimization/offload-gap-001/A0016/R07-regression/B3-J084-baseline-prefill-ma_gpu-b8-l512.json""]",reused,79355.02621545675,77770.51683994922,78554.78215209846,95% Student-t interval over 3 independent process means (df=2),ma_gpu
8,62942a0387608fe21baaeb2dce9ef3b0947dde4d,0,0,0,0,mean of process means; each process mean averages all raw samples,6520946688,6520946688,6520946688,5410.1943359375,6742732800,6742732800,6742732800,7316963328,7316963328,7316963328,7316963328,7316963328,7316963328,12890853376,12890853376,12890853376,5143703552,5143703552,5143703552,baseline,1,805306368,805306368,805306368,52.54065957851708,52.10704952478409,52.32746057833234,512,formal_v1_w10_n10_r3,prefill,0,0,0,0,0,0,"[""full_validation""]",[52.32746057833234],offload_gap_v1,30,3145728000,3145728000,3145728000,"[""/home/molly/workspace-memory-attn/memory-attention/profile/results/optimization/offload-gap-001/A0016/R04-full-validation/B1-J053-baseline-prefill-ma_gpu_unfolded-b8-l512.json""]",completed,78607.40604880702,77958.67111030292,78276.2999528409,descriptive round-mean range within one process; NOT a confidence interval,ma_gpu_unfolded
8,0ce6645eb4c4bc3992258ad0878c72ea3c37a64e,0,0,0,0,mean of process means; each process mean averages all raw samples,6520946688,6520946688,6520946688,5410.1943359375,6742732800,6742732800,6742732800,7316963328,7316963328,7316963328,7316963328,7316963328,7316963328,12891803648,12891803648,12891803648,5143670784,5143670784,5143670784,candidate,1,805306368,805306368,805306368,52.537541603669524,52.53224461339414,52.53409915603697,512,formal_v1_w10_n10_r3,prefill,0,0,0,0,0,0,"[""full_validation""]",[52.53409915603697],offload_gap_v1,30,3145728000,3145728000,3145728000,"[""/home/molly/workspace-memory-attn/memory-attention/profile/results/optimization/offload-gap-001/A0016/R04-full-validation/B1-J054-candidate-prefill-ma_gpu_unfolded-b8-l512.json""]",completed,77971.15904991509,77963.29776713252,77968.4065359919,descriptive round-mean range within one process; NOT a confidence interval,ma_gpu_unfolded
8,0ce6645eb4c4bc3992258ad0878c72ea3c37a64e,0,0,0,0,mean of process means; each process mean averages all raw samples,6522488320,6522488320,6522488320,5410.1943359375,6555825664,6555825664,6555825664,7224688640,7224688640,7224688640,7224688640,7224688640,7224688640,12891136000,12891136000,12891136000,5302857728,5302857728,5302857728,candidate,1,806879232,806879232,806879232,5.846906639635563,5.681011453270912,5.760589071239035,512,formal_v1_w10_n10_r3,decode,0,0,0,0,0,0,"[""full_validation""]",[5.760589071239035],offload_gap_v1,30,3145728000,3145728000,3145728000,"[""/home/molly/workspace-memory-attn/memory-attention/profile/results/optimization/offload-gap-001/A0016/R04-full-validation/B1-J055-candidate-decode-ma_gpu_unfolded-b8-l512.json""]",completed,1408.1999421764767,1368.2448674259385,1388.7468627022365,descriptive round-mean range within one process; NOT a confidence interval,ma_gpu_unfolded
8,62942a0387608fe21baaeb2dce9ef3b0947dde4d,0,0,0,0,mean of process means; each process mean averages all raw samples,6522488320,6522488320,6522488320,5410.1943359375,6555825664,6555825664,6555825664,7224688640,7224688640,7224688640,7224688640,7224688640,7224688640,12891017216,12891017216,12891017216,5302767616,5302767616,5302767616,baseline,1,806879232,806879232,806879232,5.752128828316927,5.693014990538359,5.714648636057973,512,formal_v1_w10_n10_r3,decode,0,0,0,0,0,0,"[""full_validation""]",[5.714648636057973],offload_gap_v1,30,3145728000,3145728000,3145728000,"[""/home/molly/workspace-memory-attn/memory-attention/profile/results/optimization/offload-gap-001/A0016/R04-full-validation/B1-J056-baseline-decode-ma_gpu_unfolded-b8-l512.json""]",completed,1405.2307983196583,1390.7894344467943,1399.9110898125991,descriptive round-mean range within one process; NOT a confidence interval,ma_gpu_unfolded
8,62942a0387608fe21baaeb2dce9ef3b0947dde4d,0,0,0,0,mean of process means; each process mean averages all raw samples,6522488320,6522488320,6522488320,5410.1943359375,6555825664,6555825664,6555825664,7254048768,7254048768,7254048768,7254048768,7254048768,7254048768,12891191978.666666,12891893760,12890759168,5303163562.666667,5303283712,5302972416,baseline,3,806879232,806879232,806879232,5.613896965809716,5.575730547065814,5.594813756437765,512,formal_v1_w10_n10_r3,decode,0,0,0,0,0,0,"[""full_validation"", ""full_validation"", ""full_validation""]","[5.591369234025478, 5.589456825206677, 5.6036152100811405]",offload_gap_v1,90,3145728000,3145728000,3145728000,"[""/home/molly/workspace-memory-attn/memory-attention/profile/results/optimization/offload-gap-001/A0016/R04-full-validation/B1-J057-baseline-decode-ma_gpu-b8-l512.json"", ""/home/molly/workspace-memory-attn/memory-attention/profile/results/optimization/offload-gap-001/A0016/R07-regression/B2-J064-baseline-decode-ma_gpu-b8-l512.json"", ""/home/molly/workspace-memory-attn/memory-attention/profile/results/optimization/offload-gap-001/A0016/R07-regression/B3-J065-baseline-decode-ma_gpu-b8-l512.json""]",reused,1434.7895638913074,1425.0350600879128,1429.8956762939013,95% Student-t interval over 3 independent process means (df=2),ma_gpu
8,0ce6645eb4c4bc3992258ad0878c72ea3c37a64e,0,0,0,0,mean of process means; each process mean averages all raw samples,6522488320,6522488320,6522488320,5410.1943359375,6555825664,6555825664,6555825664,7254048768,7254048768,7254048768,7254048768,7254048768,7254048768,12891406336,12891664384,12891205632,5303268693.333333,5303308288,5303201792,candidate,3,806879232,806879232,806879232,5.596064629429552,5.584525215353596,5.590294922391574,512,formal_v1_w10_n10_r3,decode,0,0,0,0,0,0,"[""full_validation"", ""full_validation"", ""full_validation""]","[5.5877854116261005, 5.590730331217249, 5.592369024331371]",offload_gap_v1,90,3145728000,3145728000,3145728000,"[""/home/molly/workspace-memory-attn/memory-attention/profile/results/optimization/offload-gap-001/A0016/R04-full-validation/B1-J058-candidate-decode-ma_gpu-b8-l512.json"", ""/home/molly/workspace-memory-attn/memory-attention/profile/results/optimization/offload-gap-001/A0016/R07-regression/B2-J063-candidate-decode-ma_gpu-b8-l512.json"", ""/home/molly/workspace-memory-attn/memory-attention/profile/results/optimization/offload-gap-001/A0016/R07-regression/B3-J066-candidate-decode-ma_gpu-b8-l512.json""]",reused,1432.530016697841,1429.5760556317052,1431.0515117827692,95% Student-t interval over 3 independent process means (df=2),ma_gpu
8,0ce6645eb4c4bc3992258ad0878c72ea3c37a64e,3000.0,3145728000,3145728000,3145728000,mean of process means; each process mean averages all raw samples,3419489792,3419489792,3419489792,2410.1943359375,3452794368,3452794368,3452794368,5993660416,5993660416,5993660416,5993660416,5993660416,5993660416,12891063637.333334,12891418624,12890628096,11666675029.333334,11666853888,11666489344,candidate,3,806879232,806879232,806879232,6.0534851340554034,5.465250935759624,5.759368034907514,512,formal_v1_w10_n10_r3,decode,67895296,67895296,67895296,67895296,67895296,67895296,"[""full_validation"", ""full_validation"", ""full_validation""]","[5.896067246794701, 5.692777968943119, 5.68925888898472]",offload_gap_v1,90,3145728000,3145728000,3145728000,"[""/home/molly/workspace-memory-attn/memory-attention/profile/results/optimization/offload-gap-001/A0016/R04-full-validation/B1-J059-candidate-decode-ma_offload-b8-l512.json"", ""/home/molly/workspace-memory-attn/memory-attention/profile/results/optimization/offload-gap-001/A0016/R07-regression/B2-J062-candidate-decode-ma_offload-b8-l512.json"", ""/home/molly/workspace-memory-attn/memory-attention/profile/results/optimization/offload-gap-001/A0016/R07-regression/B3-J067-candidate-decode-ma_offload-b8-l512.json""]",reused,1463.79372036795,1321.552762225183,1389.0412891678432,95% Student-t interval over 3 independent process means (df=2),ma_offload
8,62942a0387608fe21baaeb2dce9ef3b0947dde4d,3000.0,3145728000,3145728000,3145728000,mean of process means; each process mean averages all raw samples,3755034112,3755034112,3755034112,2410.1943359375,3788338688,3788338688,3788338688,6396313600,6396313600,6396313600,6396313600,6396313600,6396313600,12891953834.666666,12893155328,12890984448,12135635626.666666,12135776256,12135514112,baseline,3,806879232,806879232,806879232,5.730368286919617,5.655858586097402,5.69311343650851,512,formal_v1_w10_n10_r3,decode,403439616,403439616,403439616,403439616,403439616,403439616,"[""full_validation"", ""full_validation"", ""full_validation""]","[5.68139726916949, 5.710015135506789, 5.687927904849251]",offload_gap_v1,90,3145728000,3145728000,3145728000,"[""/home/molly/workspace-memory-attn/memory-attention/profile/results/optimization/offload-gap-001/A0016/R04-full-validation/B1-J060-baseline-decode-ma_offload-b8-l512.json"", ""/home/molly/workspace-memory-attn/memory-attention/profile/results/optimization/offload-gap-001/A0016/R07-regression/B2-J061-baseline-decode-ma_offload-b8-l512.json"", ""/home/molly/workspace-memory-attn/memory-attention/profile/results/optimization/offload-gap-001/A0016/R07-regression/B3-J068-baseline-decode-ma_offload-b8-l512.json""]",reused,1414.4625220412518,1396.0708281631987,1405.206498907611,95% Student-t interval over 3 independent process means (df=2),ma_offload
8,62942a0387608fe21baaeb2dce9ef3b0947dde4d,3000.0,3145728000,3145728000,3145728000,mean of process means; each process mean averages all raw samples,9531375616,9531375616,9531375616,2410.1943359375,11309248512,11309248512,11309248512,17442013184,17442013184,17442013184,17442013184,17442013184,17442013184,12891309397.333334,12891803648,12891054080,11978295978.666666,11978375168,11978162176,baseline,3,6442450944,6442450944,6442450944,459.5184273470044,440.4413409354522,449.9798841412283,4096,formal_v1_w10_n10_r3,prefill,537657344,537657344,537657344,537657344,537657344,537657344,"[""full_validation"", ""full_validation"", ""full_validation""]","[447.780067116643, 454.4136368359129, 447.74594847112894]",offload_gap_v1,90,3145728000,3145728000,3145728000,"[""/home/molly/workspace-memory-attn/memory-attention/profile/results/optimization/offload-gap-001/A0016/R04-full-validation/B1-J061-baseline-prefill-ma_offload-b8-l4096.json"", ""/home/molly/workspace-memory-attn/memory-attention/profile/results/optimization/offload-gap-001/A0016/R07-regression/B2-J044-baseline-prefill-ma_offload-b8-l4096.json"", ""/home/molly/workspace-memory-attn/memory-attention/profile/results/optimization/offload-gap-001/A0016/R07-regression/B3-J085-baseline-prefill-ma_offload-b8-l4096.json""]",reused,74398.10243607953,71309.4362486911,72821.03301692395,95% Student-t interval over 3 independent process means (df=2),ma_offload
8,0ce6645eb4c4bc3992258ad0878c72ea3c37a64e,3000.0,3145728000,3145728000,3145728000,mean of process means; each process mean averages all raw samples,9531375616,9531375616,9531375616,2410.1943359375,11309248512,11309248512,11309248512,17442013184,17442013184,17442013184,17442013184,17442013184,17442013184,12891475968,12891586560,12891324416,11978493952,11978608640,11978424320,candidate,3,6442450944,6442450944,6442450944,459.1841472869507,442.6499121783119,450.9170297326313,4096,formal_v1_w10_n10_r3,prefill,537657344,537657344,537657344,537657344,537657344,537657344,"[""full_validation"", ""full_validation"", ""full_validation""]","[448.4463992683838, 454.70132992292446, 449.6033600065857]",offload_gap_v1,90,3145728000,3145728000,3145728000,"[""/home/molly/workspace-memory-attn/memory-attention/profile/results/optimization/offload-gap-001/A0016/R04-full-validation/B1-J062-candidate-prefill-ma_offload-b8-l4096.json"", ""/home/molly/workspace-memory-attn/memory-attention/profile/results/optimization/offload-gap-001/A0016/R07-regression/B2-J043-candidate-prefill-ma_offload-b8-l4096.json"", ""/home/molly/workspace-memory-attn/memory-attention/profile/results/optimization/offload-gap-001/A0016/R07-regression/B3-J086-candidate-prefill-ma_offload-b8-l4096.json""]",reused,74026.89822922663,71361.34858663318,72669.68830037225,95% Student-t interval over 3 independent process means (df=2),ma_offload
8,0ce6645eb4c4bc3992258ad0878c72ea3c37a64e,0,0,0,0,mean of process means; each process mean averages all raw samples,12164612096,12164612096,12164612096,5410.1943359375,13942484992,13942484992,13942484992,17037262848,17037262848,17037262848,17037262848,17037262848,17037262848,12890918912,12891422720,12890546176,5144223744,5144322048,5144150016,candidate,3,6442450944,6442450944,6442450944,456.08407241994274,442.2541577309125,449.1691150754276,4096,formal_v1_w10_n10_r3,prefill,0,0,0,0,0,0,"[""full_validation"", ""full_validation"", ""full_validation""]","[447.2453663436075, 452.3610280516247, 447.9009508310507]",offload_gap_v1,90,3145728000,3145728000,3145728000,"[""/home/molly/workspace-memory-attn/memory-attention/profile/results/optimization/offload-gap-001/A0016/R04-full-validation/B1-J063-candidate-prefill-ma_gpu-b8-l4096.json"", ""/home/molly/workspace-memory-attn/memory-attention/profile/results/optimization/offload-gap-001/A0016/R07-regression/B2-J042-candidate-prefill-ma_gpu-b8-l4096.json"", ""/home/molly/workspace-memory-attn/memory-attention/profile/results/optimization/offload-gap-001/A0016/R07-regression/B3-J087-candidate-prefill-ma_gpu-b8-l4096.json""]",reused,74093.14175388157,71846.40284879018,72952.4780315703,95% Student-t interval over 3 independent process means (df=2),ma_gpu
8,62942a0387608fe21baaeb2dce9ef3b0947dde4d,0,0,0,0,mean of process means; each process mean averages all raw samples,12164612096,12164612096,12164612096,5410.1943359375,13942484992,13942484992,13942484992,17037262848,17037262848,17037262848,17037262848,17037262848,17037262848,12890970794.666666,12891799552,12889915392,5144338432,5144641536,5143891968,baseline,3,6442450944,6442450944,6442450944,456.6217461179794,443.5212386675741,450.07149239277675,4096,formal_v1_w10_n10_r3,prefill,0,0,0,0,0,0,"[""full_validation"", ""full_validation"", ""full_validation""]","[448.2734156306833, 453.0984576481084, 448.8426038995385]",offload_gap_v1,90,3145728000,3145728000,3145728000,"[""/home/molly/workspace-memory-attn/memory-attention/profile/results/optimization/offload-gap-001/A0016/R04-full-validation/B1-J064-baseline-prefill-ma_gpu-b8-l4096.json"", ""/home/molly/workspace-memory-attn/memory-attention/profile/results/optimization/offload-gap-001/A0016/R07-regression/B2-J041-baseline-prefill-ma_gpu-b8-l4096.json"", ""/home/molly/workspace-memory-attn/memory-attention/profile/results/optimization/offload-gap-001/A0016/R07-regression/B3-J088-baseline-prefill-ma_gpu-b8-l4096.json""]",reused,73881.46754469207,71761.8034589478,72806.21091060665,95% Student-t interval over 3 independent process means (df=2),ma_gpu
8,62942a0387608fe21baaeb2dce9ef3b0947dde4d,0,0,0,0,mean of process means; each process mean averages all raw samples,12164612096,12164612096,12164612096,5410.1943359375,13942484992,13942484992,13942484992,17037262848,17037262848,17037262848,17037262848,17037262848,17037262848,12892110848,12892110848,12892110848,5144215552,5144215552,5144215552,baseline,1,6442450944,6442450944,6442450944,453.9034232497215,451.689513027668,452.7963015406082,4096,formal_v1_w10_n10_r3,prefill,0,0,0,0,0,0,"[""full_validation""]",[452.7963015406082],offload_gap_v1,30,3145728000,3145728000,3145728000,"[""/home/molly/workspace-memory-attn/memory-attention/profile/results/optimization/offload-gap-001/A0016/R04-full-validation/B1-J065-baseline-prefill-ma_gpu_unfolded-b8-l4096.json""]",completed,72545.4079736246,72191.56834155932,72368.08226681432,descriptive round-mean range within one process; NOT a confidence interval,ma_gpu_unfolded
8,0ce6645eb4c4bc3992258ad0878c72ea3c37a64e,0,0,0,0,mean of process means; each process mean averages all raw samples,12164612096,12164612096,12164612096,5410.1943359375,13942484992,13942484992,13942484992,17037262848,17037262848,17037262848,17037262848,17037262848,17037262848,12891222016,12891222016,12891222016,5143617536,5143617536,5143617536,candidate,1,6442450944,6442450944,6442450944,454.183713439852,451.9220958929509,453.0694895113508,4096,formal_v1_w10_n10_r3,prefill,0,0,0,0,0,0,"[""full_validation""]",[453.0694895113508],offload_gap_v1,30,3145728000,3145728000,3145728000,"[""/home/molly/workspace-memory-attn/memory-attention/profile/results/optimization/offload-gap-001/A0016/R04-full-validation/B1-J066-candidate-prefill-ma_gpu_unfolded-b8-l4096.json""]",completed,72508.07229342007,72147.01679156424,72324.446378725,descriptive round-mean range within one process; NOT a confidence interval,ma_gpu_unfolded
8,0ce6645eb4c4bc3992258ad0878c72ea3c37a64e,0,0,0,0,mean of process means; each process mean averages all raw samples,12165948928,12165948928,12165948928,5410.1943359375,12434167296,12434167296,12434167296,17041457152,17041457152,17041457152,17041457152,17041457152,17041457152,12891553792,12891553792,12891553792,5328359424,5328359424,5328359424,candidate,1,6444023808,6444023808,6444023808,19.122548401355743,19.063301663845778,19.083347093934815,4096,formal_v1_w10_n10_r3,decode,0,0,0,0,0,0,"[""full_validation""]",[19.083347093934815],offload_gap_v1,30,3145728000,3145728000,3145728000,"[""/home/molly/workspace-memory-attn/memory-attention/profile/results/optimization/offload-gap-001/A0016/R04-full-validation/B1-J067-candidate-decode-ma_gpu_unfolded-b8-l4096.json""]",completed,419.6544827894258,418.35428166220873,419.2136715127195,descriptive round-mean range within one process; NOT a confidence interval,ma_gpu_unfolded
8,62942a0387608fe21baaeb2dce9ef3b0947dde4d,0,0,0,0,mean of process means; each process mean averages all raw samples,12165948928,12165948928,12165948928,5410.1943359375,12434167296,12434167296,12434167296,17041457152,17041457152,17041457152,17041457152,17041457152,17041457152,12890796032,12890796032,12890796032,5328109568,5328109568,5328109568,baseline,1,6444023808,6444023808,6444023808,19.06747967004776,19.06170123256743,19.063889312868316,4096,formal_v1_w10_n10_r3,decode,0,0,0,0,0,0,"[""full_validation""]",[19.063889312868316],offload_gap_v1,30,3145728000,3145728000,3145728000,"[""/home/molly/workspace-memory-attn/memory-attention/profile/results/optimization/offload-gap-001/A0016/R04-full-validation/B1-J068-baseline-decode-ma_gpu_unfolded-b8-l4096.json""]",completed,419.6897172185127,419.56252941844417,419.641546837975,descriptive round-mean range within one process; NOT a confidence interval,ma_gpu_unfolded
8,62942a0387608fe21baaeb2dce9ef3b0947dde4d,0,0,0,0,mean of process means; each process mean averages all raw samples,12165948928,12165948928,12165948928,5410.1943359375,12434167296,12434167296,12434167296,17041457152,17041457152,17041457152,17041457152,17041457152,17041457152,12890624000,12890624000,12890624000,5328048128,5328048128,5328048128,baseline,1,6444023808,6444023808,6444023808,18.971316749230027,18.96656109020114,18.969308771193027,4096,formal_v1_w10_n10_r3,decode,0,0,0,0,0,0,"[""full_validation""]",[18.969308771193027],offload_gap_v1,30,3145728000,3145728000,3145728000,"[""/home/molly/workspace-memory-attn/memory-attention/profile/results/optimization/offload-gap-001/A0016/R04-full-validation/B1-J069-baseline-decode-ma_gpu-b8-l4096.json""]",completed,421.7949665178423,421.6892325265029,421.7338700368922,descriptive round-mean range within one process; NOT a confidence interval,ma_gpu
8,0ce6645eb4c4bc3992258ad0878c72ea3c37a64e,0,0,0,0,mean of process means; each process mean averages all raw samples,12165948928,12165948928,12165948928,5410.1943359375,12434167296,12434167296,12434167296,17041457152,17041457152,17041457152,17041457152,17041457152,17041457152,12891455488,12891455488,12891455488,5328441344,5328441344,5328441344,candidate,1,6444023808,6444023808,6444023808,18.951950361952186,18.946796795353293,18.94914568401873,4096,formal_v1_w10_n10_r3,decode,0,0,0,0,0,0,"[""full_validation""]",[18.94914568401873],offload_gap_v1,30,3145728000,3145728000,3145728000,"[""/home/molly/workspace-memory-attn/memory-attention/profile/results/optimization/offload-gap-001/A0016/R04-full-validation/B1-J070-candidate-decode-ma_gpu-b8-l4096.json""]",completed,422.2349606853862,422.12014316271893,422.1826214965994,descriptive round-mean range within one process; NOT a confidence interval,ma_gpu
8,0ce6645eb4c4bc3992258ad0878c72ea3c37a64e,3000.0,3145728000,3145728000,3145728000,mean of process means; each process mean averages all raw samples,9532712448,9532712448,9532712448,2410.1943359375,9800898048,9800898048,9800898048,17444110336,17444110336,17444110336,17444110336,17444110336,17444110336,12891930624,12891930624,12891930624,12162437120,12162437120,12162437120,candidate,1,6444023808,6444023808,6444023808,19.038056954741478,19.033108837902546,19.034814834594727,4096,formal_v1_w10_n10_r3,decode,537657344,537657344,537657344,537657344,537657344,537657344,"[""full_validation""]",[19.034814834594727],offload_gap_v1,30,3145728000,3145728000,3145728000,"[""/home/molly/workspace-memory-attn/memory-attention/profile/results/optimization/offload-gap-001/A0016/R04-full-validation/B1-J071-candidate-decode-ma_offload-b8-l4096.json""]",completed,420.3201940435918,420.21095004695735,420.28252281500744,descriptive round-mean range within one process; NOT a confidence interval,ma_offload
8,62942a0387608fe21baaeb2dce9ef3b0947dde4d,3000.0,3145728000,3145728000,3145728000,mean of process means; each process mean averages all raw samples,9532712448,9532712448,9532712448,2410.1943359375,9800898048,9800898048,9800898048,17444110336,17444110336,17444110336,17444110336,17444110336,17444110336,12891131904,12891131904,12891131904,12161953792,12161953792,12161953792,baseline,1,6444023808,6444023808,6444023808,19.084896007552743,19.033569423481822,19.05479139337937,4096,formal_v1_w10_n10_r3,decode,537657344,537657344,537657344,537657344,537657344,537657344,"[""full_validation""]",[19.05479139337937],offload_gap_v1,30,3145728000,3145728000,3145728000,"[""/home/molly/workspace-memory-attn/memory-attention/profile/results/optimization/offload-gap-001/A0016/R04-full-validation/B1-J072-baseline-decode-ma_offload-b8-l4096.json""]",completed,420.31002288674006,419.17964849449766,419.8419093047441,descriptive round-mean range within one process; NOT a confidence interval,ma_offload
8,62942a0387608fe21baaeb2dce9ef3b0947dde4d,3000.0,3145728000,3145728000,3145728000,mean of process means; each process mean averages all raw samples,16523542528,16523542528,16523542528,2410.1943359375,20079800320,20079800320,20079800320,28896657408,28896657408,28896657408,28896657408,28896657408,28896657408,12891137365.333334,12891365376,12890693632,12516068010.666666,12516204544,12515876864,baseline,3,12884901888,12884901888,12884901888,1033.3989410609884,995.0577687109462,1014.2283548859673,8192,formal_v1_w10_n10_r3,prefill,1074528256,1074528256,1074528256,1074528256,1074528256,1074528256,"[""full_validation"", ""full_validation"", ""full_validation""]","[1006.2899777200073, 1021.7035088532915, 1014.691578084603]",offload_gap_v1,90,3145728000,3145728000,3145728000,"[""/home/molly/workspace-memory-attn/memory-attention/profile/results/optimization/offload-gap-001/A0016/R04-full-validation/B1-J073-baseline-prefill-ma_offload-b8-l8192.json"", ""/home/molly/workspace-memory-attn/memory-attention/profile/results/optimization/offload-gap-001/A0016/R07-regression/B2-J040-baseline-prefill-ma_offload-b8-l8192.json"", ""/home/molly/workspace-memory-attn/memory-attention/profile/results/optimization/offload-gap-001/A0016/R07-regression/B3-J089-baseline-prefill-ma_offload-b8-l8192.json""]",reused,65861.50277978234,63417.90899525631,64616.61191415656,95% Student-t interval over 3 independent process means (df=2),ma_offload
8,0ce6645eb4c4bc3992258ad0878c72ea3c37a64e,3000.0,3145728000,3145728000,3145728000,mean of process means; each process mean averages all raw samples,16523542528,16523542528,16523542528,2410.1943359375,20079800320,20079800320,20079800320,28896657408,28896657408,28896657408,28896657408,28896657408,28896657408,12891226112,12891447296,12891009024,12516016128,12516102144,12515946496,candidate,3,12884901888,12884901888,12884901888,1027.2217914619673,1010.1856004496121,1018.7036959557897,8192,formal_v1_w10_n10_r3,prefill,1074528256,1074528256,1074528256,1074528256,1074528256,1074528256,"[""full_validation"", ""full_validation"", ""full_validation""]","[1014.8821138621619, 1021.5115035263201, 1019.7174704788873]",offload_gap_v1,90,3145728000,3145728000,3145728000,"[""/home/molly/workspace-memory-attn/memory-attention/profile/results/optimization/offload-gap-001/A0016/R04-full-validation/B1-J074-candidate-prefill-ma_offload-b8-l8192.json"", ""/home/molly/workspace-memory-attn/memory-attention/profile/results/optimization/offload-gap-001/A0016/R07-regression/B2-J039-candidate-prefill-ma_offload-b8-l8192.json"", ""/home/molly/workspace-memory-attn/memory-attention/profile/results/optimization/offload-gap-001/A0016/R07-regression/B3-J090-candidate-prefill-ma_offload-b8-l8192.json""]",reused,64875.20706178282,63799.26958785362,64332.73999120169,95% Student-t interval over 3 independent process means (df=2),ma_offload
8,0ce6645eb4c4bc3992258ad0878c72ea3c37a64e,0,0,0,0,mean of process means; each process mean averages all raw samples,18619908096,18619908096,18619908096,5410.1943359375,22176165888,22176165888,22176165888,28091351040,28091351040,28091351040,28091351040,28091351040,28091351040,12890925738.666666,12891209728,12890705920,5144205994.666667,5144387584,5143965696,candidate,3,12884901888,12884901888,12884901888,1017.11862210563,1012.5175245399491,1014.8180733227896,8192,formal_v1_w10_n10_r3,prefill,0,0,0,0,0,0,"[""full_validation"", ""full_validation"", ""full_validation""]","[1014.1572144192954, 1014.4204217164466, 1015.8765838326266]",offload_gap_v1,90,3145728000,3145728000,3145728000,"[""/home/molly/workspace-memory-attn/memory-attention/profile/results/optimization/offload-gap-001/A0016/R04-full-validation/B1-J075-candidate-prefill-ma_gpu-b8-l8192.json"", ""/home/molly/workspace-memory-attn/memory-attention/profile/results/optimization/offload-gap-001/A0016/R07-regression/B2-J038-candidate-prefill-ma_gpu-b8-l8192.json"", ""/home/molly/workspace-memory-attn/memory-attention/profile/results/optimization/offload-gap-001/A0016/R07-regression/B3-J091-candidate-prefill-ma_gpu-b8-l8192.json""]",reused,64725.79329407376,64432.995892188024,64579.06271359295,95% Student-t interval over 3 independent process means (df=2),ma_gpu
8,62942a0387608fe21baaeb2dce9ef3b0947dde4d,0,0,0,0,mean of process means; each process mean averages all raw samples,18619908096,18619908096,18619908096,5410.1943359375,22176165888,22176165888,22176165888,28091351040,28091351040,28091351040,28091351040,28091351040,28091351040,12891262976,12891947008,12890226688,5144140458.666667,5144223744,5144006656,baseline,3,12884901888,12884901888,12884901888,1022.5479785826208,1005.0839879697658,1013.8159832761933,8192,formal_v1_w10_n10_r3,prefill,0,0,0,0,0,0,"[""full_validation"", ""full_validation"", ""full_validation""]","[1015.5202092292408, 1009.7736279169718, 1016.1541126823673]",offload_gap_v1,90,3145728000,3145728000,3145728000,"[""/home/molly/workspace-memory-attn/memory-attention/profile/results/optimization/offload-gap-001/A0016/R04-full-validation/B1-J076-baseline-prefill-ma_gpu-b8-l8192.json"", ""/home/molly/workspace-memory-attn/memory-attention/profile/results/optimization/offload-gap-001/A0016/R07-regression/B2-J037-baseline-prefill-ma_gpu-b8-l8192.json"", ""/home/molly/workspace-memory-attn/memory-attention/profile/results/optimization/offload-gap-001/A0016/R07-regression/B3-J092-baseline-prefill-ma_gpu-b8-l8192.json""]",reused,65204.501100828806,64090.88020577878,64642.89484588454,95% Student-t interval over 3 independent process means (df=2),ma_gpu
8,62942a0387608fe21baaeb2dce9ef3b0947dde4d,0,0,0,0,mean of process means; each process mean averages all raw samples,18619908096,18619908096,18619908096,5410.1943359375,22176165888,22176165888,22176165888,28091351040,28091351040,28091351040,28091351040,28091351040,28091351040,12891332608,12891332608,12891332608,5143523328,5143523328,5143523328,baseline,1,12884901888,12884901888,12884901888,1027.2088604513556,1021.3093767408282,1024.4130074667435,8192,formal_v1_w10_n10_r3,prefill,0,0,0,0,0,0,"[""full_validation""]",[1024.4130074667435],offload_gap_v1,30,3145728000,3145728000,3145728000,"[""/home/molly/workspace-memory-attn/memory-attention/profile/results/optimization/offload-gap-001/A0016/R04-full-validation/B1-J077-baseline-prefill-ma_gpu_unfolded-b8-l8192.json""]",completed,64168.60697895139,63800.072724453996,63974.19744021315,descriptive round-mean range within one process; NOT a confidence interval,ma_gpu_unfolded
8,0ce6645eb4c4bc3992258ad0878c72ea3c37a64e,0,0,0,0,mean of process means; each process mean averages all raw samples,18619908096,18619908096,18619908096,5410.1943359375,22176165888,22176165888,22176165888,28091351040,28091351040,28091351040,28091351040,28091351040,28091351040,12890591232,12890591232,12890591232,5143670784,5143670784,5143670784,candidate,1,12884901888,12884901888,12884901888,1027.6350053958595,1021.2601120583713,1024.5611876559753,8192,formal_v1_w10_n10_r3,prefill,0,0,0,0,0,0,"[""full_validation""]",[1024.5611876559753],offload_gap_v1,30,3145728000,3145728000,3145728000,"[""/home/molly/workspace-memory-attn/memory-attention/profile/results/optimization/offload-gap-001/A0016/R04-full-validation/B1-J078-candidate-prefill-ma_gpu_unfolded-b8-l8192.json""]",completed,64171.70241566648,63773.61578370388,63964.94498287155,descriptive round-mean range within one process; NOT a confidence interval,ma_gpu_unfolded
8,0ce6645eb4c4bc3992258ad0878c72ea3c37a64e,0,0,0,0,mean of process means; each process mean averages all raw samples,18620982784,18620982784,18620982784,5410.1943359375,19157636608,19157636608,19157636608,28099739648,28099739648,28099739648,28099739648,28099739648,28099739648,12891955200,12891955200,12891955200,5328289792,5328289792,5328289792,candidate,1,12886474752,12886474752,12886474752,34.856029227375984,34.79713876731694,34.82084472974142,8192,formal_v1_w10_n10_r3,decode,0,0,0,0,0,0,"[""full_validation""]",[34.82084472974142],offload_gap_v1,30,3145728000,3145728000,3145728000,"[""/home/molly/workspace-memory-attn/memory-attention/profile/results/optimization/offload-gap-001/A0016/R04-full-validation/B1-J079-candidate-decode-ma_gpu_unfolded-b8-l8192.json""]",completed,229.90396002081545,229.51552937409136,229.7474418582093,descriptive round-mean range within one process; NOT a confidence interval,ma_gpu_unfolded
8,62942a0387608fe21baaeb2dce9ef3b0947dde4d,0,0,0,0,mean of process means; each process mean averages all raw samples,18620982784,18620982784,18620982784,5410.1943359375,19157636608,19157636608,19157636608,28099739648,28099739648,28099739648,28099739648,28099739648,28099739648,12891430912,12891430912,12891430912,5327925248,5327925248,5327925248,baseline,1,12886474752,12886474752,12886474752,34.817661717534065,34.77650200948119,34.796107932925224,8192,formal_v1_w10_n10_r3,decode,0,0,0,0,0,0,"[""full_validation""]",[34.796107932925224],offload_gap_v1,30,3145728000,3145728000,3145728000,"[""/home/molly/workspace-memory-attn/memory-attention/profile/results/optimization/offload-gap-001/A0016/R04-full-validation/B1-J080-baseline-decode-ma_gpu_unfolded-b8-l8192.json""]",completed,230.04038755303634,229.76844524775268,229.91077092361058,descriptive round-mean range within one process; NOT a confidence interval,ma_gpu_unfolded
8,62942a0387608fe21baaeb2dce9ef3b0947dde4d,0,0,0,0,mean of process means; each process mean averages all raw samples,18620982784,18620982784,18620982784,5410.1943359375,19157636608,19157636608,19157636608,28099739648,28099739648,28099739648,28099739648,28099739648,28099739648,12891374933.333334,12891815936,12891082752,5328295253.333333,5328785408,5327978496,baseline,3,12886474752,12886474752,12886474752,34.71022232996875,34.542211525531734,34.62621692775024,8192,formal_v1_w10_n10_r3,decode,0,0,0,0,0,0,"[""full_validation"", ""full_validation"", ""full_validation""]","[34.66520650933186, 34.604870031277336, 34.60857424264153]",offload_gap_v1,90,3145728000,3145728000,3145728000,"[""/home/molly/workspace-memory-attn/memory-attention/profile/results/optimization/offload-gap-001/A0016/R04-full-validation/B1-J081-baseline-decode-ma_gpu-b8-l8192.json"", ""/home/molly/workspace-memory-attn/memory-attention/profile/results/optimization/offload-gap-001/A0016/R07-regression/B2-J060-baseline-decode-ma_gpu-b8-l8192.json"", ""/home/molly/workspace-memory-attn/memory-attention/profile/results/optimization/offload-gap-001/A0016/R07-regression/B3-J069-baseline-decode-ma_gpu-b8-l8192.json""]",reused,231.60068932143596,230.47965305289367,231.03881133455897,95% Student-t interval over 3 independent process means (df=2),ma_gpu
8,0ce6645eb4c4bc3992258ad0878c72ea3c37a64e,0,0,0,0,mean of process means; each process mean averages all raw samples,18620982784,18620982784,18620982784,5410.1943359375,19157636608,19157636608,19157636608,28099739648,28099739648,28099739648,28099739648,28099739648,28099739648,12891137365.333334,12891545600,12890828800,5328429056,5328642048,5328302080,candidate,3,12886474752,12886474752,12886474752,34.70207125059509,34.53095732973605,34.61651429016557,8192,formal_v1_w10_n10_r3,decode,0,0,0,0,0,0,"[""full_validation"", ""full_validation"", ""full_validation""]","[34.65627650730312, 34.59728777719041, 34.595978586003184]",offload_gap_v1,90,3145728000,3145728000,3145728000,"[""/home/molly/workspace-memory-attn/memory-attention/profile/results/optimization/offload-gap-001/A0016/R04-full-validation/B1-J082-candidate-decode-ma_gpu-b8-l8192.json"", ""/home/molly/workspace-memory-attn/memory-attention/profile/results/optimization/offload-gap-001/A0016/R07-regression/B2-J059-candidate-decode-ma_gpu-b8-l8192.json"", ""/home/molly/workspace-memory-attn/memory-attention/profile/results/optimization/offload-gap-001/A0016/R07-regression/B3-J070-candidate-decode-ma_gpu-b8-l8192.json""]",reused,231.67617172058146,230.53378981990338,231.103569034759,95% Student-t interval over 3 independent process means (df=2),ma_gpu
8,0ce6645eb4c4bc3992258ad0878c72ea3c37a64e,3000.0,3145728000,3145728000,3145728000,mean of process means; each process mean averages all raw samples,16524617216,16524617216,16524617216,2410.1943359375,17061238272,17061238272,17061238272,28907143168,28907143168,28907143168,28907143168,28907143168,28907143168,12891167402.666666,12891668480,12890521600,12699025408,12699254784,12698906624,candidate,3,12886474752,12886474752,12886474752,34.83614309846951,34.5885358973219,34.712339497895705,8192,formal_v1_w10_n10_r3,decode,1074528256,1074528256,1074528256,1074528256,1074528256,1074528256,"[""full_validation"", ""full_validation"", ""full_validation""]","[34.736768047635756, 34.745249788587294, 34.655000657464065]",offload_gap_v1,90,3145728000,3145728000,3145728000,"[""/home/molly/workspace-memory-attn/memory-attention/profile/results/optimization/offload-gap-001/A0016/R04-full-validation/B1-J083-candidate-decode-ma_offload-b8-l8192.json"", ""/home/molly/workspace-memory-attn/memory-attention/profile/results/optimization/offload-gap-001/A0016/R07-regression/B2-J058-candidate-decode-ma_offload-b8-l8192.json"", ""/home/molly/workspace-memory-attn/memory-attention/profile/results/optimization/offload-gap-001/A0016/R07-regression/B3-J071-candidate-decode-ma_offload-b8-l8192.json""]",reused,231.2905068820626,229.64654776468268,230.46559568492833,95% Student-t interval over 3 independent process means (df=2),ma_offload
8,62942a0387608fe21baaeb2dce9ef3b0947dde4d,3000.0,3145728000,3145728000,3145728000,mean of process means; each process mean averages all raw samples,16524617216,16524617216,16524617216,2410.1943359375,17061238272,17061238272,17061238272,28907143168,28907143168,28907143168,28907143168,28907143168,28907143168,12891157845.333334,12891234304,12891070464,12699159210.666666,12699324416,12699025408,baseline,3,12886474752,12886474752,12886474752,34.7304008334977,34.66508399354724,34.69774241352247,8192,formal_v1_w10_n10_r3,decode,1074528256,1074528256,1074528256,1074528256,1074528256,1074528256,"[""full_validation"", ""full_validation"", ""full_validation""]","[34.70590373811623, 34.704746988912426, 34.682576513538756]",offload_gap_v1,90,3145728000,3145728000,3145728000,"[""/home/molly/workspace-memory-attn/memory-attention/profile/results/optimization/offload-gap-001/A0016/R04-full-validation/B1-J084-baseline-decode-ma_offload-b8-l8192.json"", ""/home/molly/workspace-memory-attn/memory-attention/profile/results/optimization/offload-gap-001/A0016/R07-regression/B2-J057-baseline-decode-ma_offload-b8-l8192.json"", ""/home/molly/workspace-memory-attn/memory-attention/profile/results/optimization/offload-gap-001/A0016/R07-regression/B3-J072-baseline-decode-ma_offload-b8-l8192.json""]",reused,230.77976679615622,230.34574344111653,230.56255086158646,95% Student-t interval over 3 independent process means (df=2),ma_offload
